rule_id,category,title,content,severity
1,景点安排,熊猫基地必须上午去,"熊猫上午7:30-10:00最活跃，下午大多在睡觉。建议开园即入，游览3-4小时。下午去体验大打折扣。",high
2,景点安排,武侯祠和锦里安排同半天,"武侯祠与锦里一墙之隔步行2分钟，务必安排在同一时段游览，避免重复路线浪费时间。",high
3,景点安排,都江堰青城山安排完整1天,"都江堰距成都60km，与青城山相邻但两处合计需6-8小时。必须安排完整1天，勿与其他市区景点混排。",high
4,景点安排,金沙遗址博物馆周一闭馆,"金沙遗址博物馆每周一闭馆，出行前务必确认开放时间。杜甫草堂同日下午可补游。",medium
5,景点安排,西岭雪山季节不对没雪,"西岭雪山滑雪仅12-3月有雪，夏季无雪仅可徒步避暑。看雪需提前确认天气。",medium
6,景点安排,熊猫基地门票提前买,"节假日熊猫基地限流，现场排队可能1小时+。建议提前在官网或小程序购票。",medium
7,景点安排,杜甫草堂金沙遗址同游,"杜甫草堂与金沙遗址博物馆车程仅15分钟，建议安排同半天游览。各需2-3小时，合计半天。",medium
8,景点安排,宽窄巷子人民公园同游,"宽窄巷子与人民公园步行10分钟，建议下午宽窄巷子→傍晚人民公园喝茶，合计3小时。",medium
9,景点安排,成都博物馆需提前预约,"成都博物馆免费但需微信小程序预约，周末和节假日当天约满。建议提前2天预约。",medium
10,景点安排,四川博物院周一闭馆,"四川博物院每周一闭馆，与杜甫草堂相邻可同游。免费但需预约。馆藏张大千敦煌壁画必看。",medium
11,景点安排,文殊院周边文殊坊美食街,"文殊院游览1小时足够，出来后文殊坊小吃街可吃蛋烘糕、凉粉等。不需要特意安排半天。",low
12,景点安排,黄龙溪夏天去最好,"黄龙溪夏季可玩水最有趣，冬季景观一般。建议6-9月前往，其他季节体验大减。",medium
13,景点安排,洛带古镇半日够了,"洛带古镇不大，半日游足够。重点是四大会馆和客家文化，长城为新建仿古不必期待。",low
14,交通出行,成都地铁比打车快,"春熙路、宽窄巷子等热门区域节假日堵车严重，地铁2/3号线覆盖主要景点，效率更高。",high
15,交通出行,都江堰坐高铁比自驾快,"成都东站到都江堰高铁仅30分钟，自驾至少1.5小时且停车难。青城山同站可达。",high
16,交通出行,洛带古镇坐公交可达,"洛带古镇从成都坐219路公交直达，无需包车。车程约1小时，周末堵车另算。",low
17,交通出行,春熙路地铁2号线直达,"春熙路地铁站为2/3号线换乘站，从全市各方向均可直达。打车到春熙路反而堵车难停。",medium
18,交通出行,共享单车覆盖市区景点,"市区景点间距3-5km，共享单车骑行15-20分钟可达，比打车灵活。但宽窄巷子周边禁停区多。",low
19,交通出行,机场到市区坐地铁18号线,"天府机场到市区地铁18号线快线37分钟，打车至少1小时且高速费50元。双流机场地铁10号线20分钟。",high
20,交通出行,出租车高峰期打不到,"成都早晚高峰（7:30-9:00/17:30-19:00）出租车极难打，建议提前出行或改地铁。",medium
21,美食避坑,火锅避开网红店排队,"小龙坎、大龙燚等网红店周末排队1-2小时。本地人常去的电台巷、蜀大侠味道相同且不排队。",high
22,美食避坑,不要在景区内买特产,"宽窄巷子、锦里景区内的特产店价格翻2-3倍。超市或火车站附近购买更实惠。",medium
23,美食避坑,串串香按签数算价,"串串香按竹签数量计费，取食材前先看价目表。大签小签价格不同，结账前数清楚。",medium
24,美食避坑,兔头不要在景区买,"宽窄巷子等景区兔头15元/个，双流老妈兔头8元/个且味道更正宗。",low
25,美食避坑,火锅涮菜时间有讲究,"毛肚七上八下15秒即可，鸭肠10秒，黄喉30秒。煮久了嚼不动。老肉片需3-5分钟。",medium
26,美食避坑,不要点鸳鸯锅被嘲笑,"成都人吃火锅点鸳鸯锅会被开玩笑。如果实在不能吃辣，点微辣+清汤各一半。真正不能吃辣可选菌汤锅。",low
27,美食避坑,火锅店小料自助别拿多,"火锅店小料自助10-15元/位，芝麻酱蒜泥香油按需取。拿太多浪费还影响味道，香油蒜泥是成都标配。",low
28,美食避坑,建设路小吃街晚上去,"建设路小吃街傍晚6点后最热闹品类最全。白天很多摊位不开，建议晚上7-9点前往。",medium
29,美食避坑,冒菜和火锅不是一回事,"冒菜是一人份小火锅，火锅是多人共锅。冒菜按份计价20-40元，火锅人均80-120元。别搞混。",low
30,消费提醒,人民公园采耳要讲价,"鹤鸣茶社采耳师傅报价30-80元不等，可还价到20-30元。体验10分钟即可，无需长时间。",medium
31,消费提醒,鹤鸣茶社周末要排队,"鹤鸣茶社周末上午10点后基本满座需等位30分钟+。建议上午9点前到达或工作日前往。",low
32,消费提醒,春熙路太古里傍晚去最好,"春熙路太古里白天逛店晚上看灯，IFS爬墙熊猫傍晚光线最佳。白天太晒人最多。",low
33,消费提醒,锦里酒吧消费偏高,"锦里酒吧和茶馆价格偏高，一瓶啤酒30-50元。建议只逛街不吃喝，去建设路或玉林路更实惠。",medium
34,消费提醒,IFS熊猫雕塑拍照角度,"IFS爬墙熊猫在7楼雕塑庭院，从商场内部电梯到7楼。最佳拍摄角度是趴在栏杆仰拍，人少时早上去。",low
35,消费提醒,宽窄巷子住宿性价比低,"宽窄巷子周边酒店500-800元/晚且吵闹。建议住春熙路或天府广场附近，交通便利性价比高。",medium
36,安全提醒,天台山蚊虫多带驱蚊,"天台山夏季蚊虫极多，必带驱蚊液或蚊香。穿长裤和运动鞋，勿穿凉鞋拖鞋。",high
37,安全提醒,黄龙溪夏天玩水注意安全,"黄龙溪夏天溪水戏水区域水深不一，带小孩的家长需看护。湿滑石头注意防滑。",high
38,安全提醒,西岭雪山高反注意,"西岭雪山海拔3000+米，部分游客可能有轻微高反。勿剧烈运动，带巧克力补充能量。有心脏病慎往。",high
39,安全提醒,都江堰水利工程区勿翻越,"都江堰鱼嘴和飞沙堰有警示区域，勿翻越护栏。水流湍急落水极危险，拍照注意脚下。",high
40,文化提醒,洛带古镇长城是新建的,"洛带古镇的'长城'为近年新建仿古建筑，非历史遗迹。期望值不要太高，重点是客家文化。",low
41,交通避坑,地铁优先于打车,春熙路到宽窄巷子打车堵30分钟，地铁2号线仅10分钟。高峰期市区出行首选地铁，省钱省时。,high
42,交通避坑,警惕出租车绕路,机场到市区要求打表，拒绝一口价。用高德地图实时看路线，发现绕路当场指出并投诉。,high
43,交通避坑,景区直通车别坐黑车,熊猫基地门口有正规景区直通车，认准‘成都景区直通车’标志。黑车报价高且可能中途甩客。,high
44,交通避坑,打车定位选地标,宽窄巷子打车别定‘宽窄巷子’入口，司机常停错。改定‘井巷子东口’或‘长顺上街’更准确。,medium
45,交通避坑,共享单车限行区注意,天府广场、春熙路部分区域禁停共享单车，乱停收调度费。骑行前看P点，还车务必入框。,medium
46,交通避坑,地铁末班车时间掌握,成都地铁末班车多在23:00左右，但2号线犀浦方向有时22:50就停。夜游锦里后提前查好末班时间。,high
47,交通避坑,锦里门口三轮车坑人,锦里门口三轮车报价30元去武侯祠，实际步行5分钟。坐前先导航，超过起步价直接拒绝。,high
48,交通避坑,机场地铁比大巴快,双流机场T2坐地铁10号线直达市区，比机场大巴快20分钟。天府机场则用18号线，别打黑车。,medium
49,交通避坑,火锅店排队别坐野的,网红火锅店排队2小时，门口‘野的’喊价去下一家。其实步行200米就有同品牌分店，导航即可。,low
50,交通避坑,熊猫基地回程车别乱上,熊猫基地西门出来，只坐有线路牌的景区车或网约车。私家车拉客常去购物点，浪费时间。,high
51,交通避坑,夜宵摊打车加价陷阱,建设路夜市深夜打车，部分司机要求加价。坚持平台叫车，不加价不议价，否则投诉。,medium
52,交通避坑,住宿选地铁口别选景区,住春熙路贵且吵，打车难。选地铁2/4号线沿线如骡马市、中医大省医院站，性价比高且出行方便。,medium
53,消费避坑,地铁首选，避开打车堵,成都地铁覆盖景点广，早晚高峰打车堵到怀疑人生。下载天府通App扫码乘车，比买票快。,high
54,消费避坑,景区直通车别坐黑车,武侯祠、熊猫基地门口有正规景区直通车，认准官方二维码购票。路边拉客的‘野的’价格翻倍且绕路。,high
55,消费避坑,宽窄巷子只逛不吃,宽窄巷子小吃又贵又一般，本地人都在隔壁奎星楼街吃。逛完步行5分钟，味道正宗价格省一半。,high
56,消费避坑,火锅店看本地人密度,别信网红店排队，去居民区楼下看哪家坐满本地人。点微辣，蘸碟要原汤+香油+蒜泥，别被推荐‘特色油碟’加钱。,high
57,消费避坑,熊猫基地赶早不赶晚,早上7点半开园就冲月亮产房，9点后熊猫睡觉+人挤人。别在门口买玩偶，里面官方店同款便宜30%。,high
58,消费避坑,打车用平台，不坐机场拉客,双流/天府机场出来别理举牌拉客的，直接滴滴或高德。机场出租车排队区可能不打表，一口价坑外地人。,high
59,消费避坑,人民公园喝茶防‘采耳’加价,鹤鸣茶社喝茶明码标价，但采耳师傅会先问‘要不要洗耳’，洗一下额外收50。提前说‘只采不洗’，并确认总价。,medium
60,消费避坑,锦里买东西先搜淘宝,锦里卖的手工银饰、蜀绣小件，淘宝同款便宜70%。真要买，砍价照标价3折起，老板不卖就走。,medium
61,消费避坑,住宿选地铁2号线沿线,别住春熙路核心区，贵且吵。选2号线沿线如东门大桥、牛市口，去景点都方便，房价便宜一半。,medium
62,消费避坑,杜甫草堂门口‘免费导游’是托,有人自称工作人员免费讲解，实际拉你去隔壁‘书法馆’买高价字画。直接拒绝，租电子讲解器15元。,high
63,消费避坑,川剧变脸看戏前问清场次,芙蓉国粹等剧场分时段，别买黄牛票。提前在官方公众号买甲票，座位靠前。路边‘茶馆变脸’含强制最低消费。,medium
64,消费避坑,路边‘掏耳朵’看工具消毒,公园或景区路边采耳摊，很多不换新工具。要求看一次性耳勺，否则易感染。正规店采耳价格60-80，低于30别去。,medium
65,季节避坑,夏避闷热雨,7-8月午后常暴雨，上午游户外，下午转室内；随身带伞，穿速干衣，别去山区看‘海’。,high
66,季节避坑,冬防湿冷魔法,12-2月湿冷入骨，北方暖气房别住；选空调+电热毯民宿，穿羽绒内搭抓绒，鞋要防滑。,high
67,季节避坑,春秋旺季抢票,3-4月、9-11月游客爆满，熊猫基地/都江堰提前3天订票，早7点前到门口排队最省时。,high
68,季节避坑,地铁避开早高峰,工作日8:00-9:30、17:30-19:00，1/2号线挤到爆，带行李改乘网约车，别硬挤。,medium
69,季节避坑,打车认准机场南站,天府机场T2打车排队久，去市区选地铁18号线快线；双流机场直接网约车到东站更划算。,medium
70,季节避坑,火锅店看本地人,景区旁网红店又贵又淡，去玉林/抚琴巷子，看门口排队本地人多的店，点微辣锅底。,high
71,季节避坑,住宿选一环内地铁口,别住春熙路商圈，贵且吵；住骡马市或牛王庙地铁旁，200-300元/晚，去景点都方便。,medium
72,季节避坑,购物警惕景区银饰,宽窄巷子/锦里卖的‘手工银’，很多是合金，要买去琴台路正规店，认准足银钢印。,high
73,季节避坑,雨天看大熊猫,熊猫喜凉怕热，夏天高温时只在室内；若遇大雨，部分室外区关闭，提前看官方直播再出发。,medium
74,季节避坑,夜游锦江防堵车,周末晚上合江亭一带堵死，别打车，骑共享单车沿江走，或坐地铁到东门大桥步行。,low
75,人流避坑,地铁避开春熙路站,春熙路站早晚高峰及节假日人流爆满，建议在2号线牛王庙站或4号线市二医院站下车步行前往，省时省力。,high
76,人流避坑,熊猫基地赶早7点半,看花花（和花）必须7:30前到南门排队，8点后入园排队超1小时，且熊猫天热就回空调房，晚了只能看空房。,high
77,人流避坑,别在锦里吃小吃,锦里小吃价格翻倍且不正宗，游客多到走不动。建议逛完拍拍照，去隔壁武侯祠大街或肖家河吃本地馆子。,high
78,人流避坑,打车用平台别拦出租,春熙路、宽窄巷子附近出租车挑客拒载严重，用滴滴/高德打快车，定位到辅道或酒店门口，避免景区正门拥堵。,medium
79,人流避坑,宽窄巷子只逛不买,巷子里的掏耳朵、变脸拍照、纪念品全是坑，价格离谱。真要体验掏耳朵，去人民公园鹤鸣茶社，20元正规舒服。,medium
80,人流避坑,火锅避开网红连锁,奎星楼街、建设路的网红店排队2小时起，味道平庸。去玉林路或双楠小区，找本地人排队的苍蝇馆子，人均少一半。,high
81,人流避坑,都江堰别报一日游,旅游团大巴停远门，带你走马观花还进购物店。自己坐2号线到犀浦，换城际高铁30分钟到离堆公园站，步行5分钟进景区。,high
82,人流避坑,住宿别选太升南路,太升南路、火车北站附近酒店便宜但环境乱，晚上不安全。选地铁2/4号线沿线如骡马市、中医大省医院站，性价比高又方便。,medium
83,人流避坑,看变脸去蜀风雅韵,别在景区看免费变脸（推销字画）。提前在“蜀风雅韵”公众号买票，选丙区或乙区，80-150元，演出正宗不坑。,medium
84,人流避坑,周一闭馆景点清单,金沙遗址、武侯祠、杜甫草堂、四川博物院周一闭馆，别白跑。提前查“成都文旅”小程序确认当日开放，合理安排行程。,high
85,文化禁忌,地铁勿抢门，先下后上,成都地铁高峰期人流量大，抢门易被夹且引发冲突。请站在两侧排队，待下车乘客走完再上车。,medium
86,文化禁忌,打车别坐黑车，用平台,机场、火车站出口常有拉客黑车，价格虚高且不安全。务必用滴滴或高德等正规平台，上车前核对车牌。,high
87,文化禁忌,景区看熊猫，勿投食喧哗,熊猫基地内严禁投喂自带食物，大声喊叫会惊扰熊猫。请保持安静，用手机静音拍照，不翻越护栏。,high
88,文化禁忌,火锅店点菜，慎选重辣,成都本地微辣也可能很辣，外地游客建议先点鸳鸯锅。若肠胃敏感，随身带肠胃药，避免空腹吃辣。,medium
89,文化禁忌,茶馆坐竹椅，勿乱动盖碗,在人民公园鹤鸣茶社，盖碗茶喝完后，将盖子斜放表示续水，勿直接拿走或敲碗，这是川西茶俗。,low
90,文化禁忌,住宿选区域，避开城中村,春熙路、宽窄巷子附近酒店方便但贵；别贪便宜订城郊或城中村民宿，交通不便且夜间治安一般。,medium
91,文化禁忌,购物看标价，谨防景区坑,锦里、宽窄巷子的小吃和纪念品价格偏高，买前问清按斤还是按份。银饰、蜀绣等请认准正规店，勿信路边推销。,medium
92,文化禁忌,公交或单车，勿逆行占道,成都部分街道非机动车道较窄，共享单车多。请靠右骑行，不逆行不载人，过街走斑马线，避免被交警罚款。,low
93,安全提醒,地铁扫码防尾随,过闸机时留意身后，防止他人紧贴蹭刷。若手机扫码失败，退到旁边重新操作，勿堵通道。,medium
94,安全提醒,打车认准官方平台,只通过正规APP叫车，拒坐揽客黑车。上车核对车牌与订单一致，行程分享给亲友。,high
95,安全提醒,景区门票官方买,提前在官方公众号或OTA平台购票，勿信黄牛低价票。扫码入园前确认票面日期和场次。,high
96,安全提醒,大熊猫基地别逗猫,参观时保持安静，不投喂、不拍打玻璃、不跨越围栏。自拍杆勿伸入围栏，防抓咬。,high
97,安全提醒,火锅店防油溅烫伤,下菜时先夹起再轻放，勿站锅边倒菜。小孩坐内侧，远离沸腾红油。若溅到，立刻用冷水冲并就医。,high
98,安全提醒,住宿选正规酒店,优先连锁或评分4.5以上酒店，入住检查门锁猫眼和逃生图。勿住无证民宿，尤其深夜抵达时。,medium
99,安全提醒,购物先问价再消费,景区周边特产、采耳、拍照先询价并确认总价。付款前看清计量单位，防‘一两’变‘一斤’陷阱。,medium
100,安全提醒,随身财物防盗抢,春熙路、宽窄巷子等人多处，背包前置，手机挂绳。夜间避免走僻静小巷，财不外露。,high
101,文化提醒,巴适安逸要得懂,“巴适”=舒服，“安逸”=享受，“要得”=好的/行。游客可用“巴适得很”夸美食，对方会心一笑。,medium
102,文化提醒,盖碗茶盖有暗语,茶盖斜放碗沿，表示需续水，堂倌会主动加。若全盖上，表示不喝了；勿把盖翻扣桌面，那是挑衅。,high
103,文化提醒,喝茶先学叩指礼,别人倒茶时，用食指中指轻叩桌面两下，表感谢。不叩指会被视为无礼，尤其对长辈或主人。,medium
104,文化提醒,麻将可看勿多嘴,成都茶馆多麻将桌，可旁观但别指手画脚或碰牌。输赢是娱乐，问“赢多少”不礼貌。,medium
105,文化提醒,火锅油碟是灵魂,油碟=香油+蒜泥+香菜+蚝油，解辣增香；干碟=辣椒面+花椒面，蘸肉吃；原汤碟=火锅汤底+葱蒜，最重口。先试油碟。,high
106,文化提醒,涮菜顺序有讲究,先涮毛肚鸭肠，七上八下即熟；再涮肉，后下蔬菜，最后煮土豆粉条。别一锅乱炖，会串味。,medium
107,文化提醒,火锅汤底勿直接喝,红汤是牛油+香料+辣椒熬制，直接喝伤胃且过咸。要喝汤请点鸳鸯白锅，或用原汤碟少量蘸食。,high
108,文化提醒,川剧变脸非魔术,变脸是川剧绝活，靠扯线+脸谱，演员台下苦练十年。观看时勿站台前或试图揭幕，尊重艺术。,high
109,文化提醒,看戏鼓掌有节奏,川剧表演中，精彩处可大声叫“好！”或鼓掌，但别在演员亮相时吹口哨，那是喝倒彩。,low
110,文化提醒,蜀绣勿上手触摸,蜀绣作品极精细，针脚比头发丝细。在博物馆或店里，只可看不可摸，指纹汗渍会损伤丝线。,medium
111,文化提醒,蜀锦是历史名片,蜀锦已有两千年，成都简称“锦官城”由此而来。买蜀锦认准真丝手工，机织仿品不值高价。,low
112,文化提醒,漆器轻拿又轻放,成都漆器用天然大漆，胎体易裂。观赏时一手托底一手扶口，别单手拎耳，会断。,medium
113,文化提醒,武侯祠先拜诸葛亮,武侯祠是君臣合祀，刘备殿在前，孔明殿在后。进门先拜刘备以示尊卑，再瞻仰诸葛亮，别搞反。,medium
114,文化提醒,锦里红灯笼勿乱摘,锦里挂的红灯笼是民俗装饰，别用手摇晃或试图摘取，摊主会不高兴。拍照可以，别碰。,low
115,文化提醒,赶场体验要趁早,成都周边乡镇逢单双号“赶场”（集市日），早上6-10点最热闹。去晚了摊收完，且别讨价还价太狠，农民实诚。,low
116,文化提醒,坝坝宴吃席守规矩,坝坝宴（露天流水席）坐定后别急着动筷，等主人举杯喊“开席”。夹菜用公筷，剩菜可打包不丢人。,medium
117,文化提醒,成都节奏慢别催,当地人吃饭、喝茶、走路都慢悠悠。催服务员“快点”会遭白眼，不如说“麻烦你空了帮我上”。,medium
118,文化提醒,待客之道是添茶,去成都人家里做客，主人给你续茶，你要双手接杯。若你喝完了，把杯盖斜放，主人会主动倒。,medium
119,文化提醒,说“摆龙门阵”,“摆龙门阵”=聊天吹牛。想融入当地，就说“来摆会儿龙门阵嘛”，比说“聊天”更亲切。,low
120,文化提醒,吃兔头别嫌残忍,成都人爱吃兔头，是传统小吃。若不敢吃，别当面说“恶心”，可婉拒“我吃不来”。尊重饮食差异。,medium
121,文化提醒,甜水面别搅太久,甜水面酱料浓稠，拌匀后立即吃，放久了面条发硬。用筷子卷着吃，别用刀叉。,low
122,文化提醒,掏耳朵先问价,公园里掏耳朵师傅，先问清价格（一般30-60元），再坐下。掏耳时别动，采耳工具消毒过，放心。,high
123,文化提醒,太阳出来抢茶馆,成都出太阳，茶馆瞬间满座。别觉得“凭什么拼桌”，主动问“这儿有人吗？”坐下就是朋友。,low
124,文化提醒,三国故事别乱讲,在武侯祠或锦里，别把刘备说成“卖草鞋的”开玩笑，成都人敬重蜀汉正统，认真听讲解即可。,medium
125,文化提醒,川菜辣度可商量,点菜时说“老板，少辣/微辣”，不会被视为怂。成都人自己也怕辣，只是爱香。别硬撑说“随便辣”。,high
126,美食避坑,夫妻肺片别点景区版,总府路夫妻肺片总店小份38元，景区卖68元还全是边角料。认准红油透亮、牛肉牛肚各半，先拌后吃。,high
127,美食避坑,担担面要干拌非汤面,正宗的担担面无汤，芽菜肉臊+花生碎+红油。人民公园旁'担担面总店'12元，景区汤面版纯坑游客。,high
128,美食避坑,钟水饺看蒜泥红油,荔枝巷钟水饺总店，水饺小份10元6个，蒜泥浓稠带甜。景区卖15元还加青菜，不正宗。,medium
129,美食避坑,龙抄手吃原汤别点红油,春熙路龙抄手总店，原汤抄手15元皮薄如纱。景区双拼28元是速冻货，汤鲜才是灵魂。,high
130,美食避坑,麻婆豆腐要烫嘴才正宗,陈麻婆豆腐总店，麻婆豆腐18元，豆腐嫩而不碎，花椒面现撒，端上桌还在咕嘟冒泡。,high
131,美食避坑,回锅肉选蒜苗五花肉,苍蝇馆子'明婷饭店'回锅肉28元，肉片卷曲灯盏窝。景区用二刀肉不煸干，豆瓣酱发苦。,medium
132,美食避坑,口水鸡要红油浸透,玉林'王妈手撕烤兔'旁口水鸡20元/半只，鸡肉斩块浸红油，皮脆肉嫩。景区卖35元是白砍鸡淋辣油。,medium
133,美食避坑,钵钵鸡荤素签价分开算,乐山鲜知味钵钵鸡，荤签2元素签1元，藤椒味更清爽。景区按串不分荤素5元一串，坑。,high
134,美食避坑,甜水面要筷子粗有嚼劲,洞子口张老二凉粉，甜水面8元一碗，面条手工搓制，酱料甜辣平衡。景区卖的细面是冒牌。,high
135,美食避坑,蛋烘糕现烤脆边才买,贺记蛋烘糕，奶油肉松5元，边脆内软。景区预烤的冷蛋烘糕3元一个，软塌塌没灵魂。,low
136,美食避坑,三大炮趁热吃别拍照,锦里三大炮10元3个，现打现裹黄豆粉。景区凉了硬邦邦，还要20元，纯表演坑。,medium
137,美食避坑,肥肠粉要红薯粉现打,白家肥肠粉总店，小份12元，粉条透明有韧劲，肥肠干净无腥。景区用干粉泡发，汤底是勾兑。,high
138,美食避坑,军屯锅盔认准千层酥,王记特色锅盔，猪肉锅盔8元，现烤掉渣，肉馅花椒香。景区卖的厚饼夹凉菜，根本不是军屯锅盔。,medium
139,美食避坑,叶儿粑分甜咸别乱买,新都'叶儿粑世家'咸味4元甜味3元，咸馅芽菜肉末，甜馅红糖芝麻。景区统一5元还是冷藏回蒸的。,low
140,美食避坑,赖汤圆只吃黑芝麻芯,总府路赖汤圆总店，6个8元，黑芝麻猪油芯流沙状。景区卖混合水果馅，还加色素。,medium
141,美食避坑,甜皮鸭认准乐山本地,甜皮鸭去乐山纪六孃，半只35元，皮脆糖亮，肉紧不柴。成都景区卖48元是卤鸭刷糖浆。,high
142,美食避坑,冒烤鸭要现冒现切,曹家巷'冒烤鸭'，半只加素菜30元，鸭肉在卤汤里冒热再切。景区用冷烤鸭微波加热，皮软肉柴。,medium
143,美食避坑,冷吃兔选自贡盐帮味,自贡'冷吃兔'真空包装25元/袋，兔肉干香辣味足。景区散装18元但全是骨头，辣椒比肉多。,high
144,美食避坑,酸辣豆花要配酥黄豆,小谭豆花，酸辣豆花7元，豆花嫩滑，酸辣开胃，酥黄豆是灵魂。景区卖10元还加榨菜丁，不正宗。,low
145,美食避坑,景区美食街只逛不吃,宽窄巷子锦里小吃均价翻倍，本地人都在奎星楼街、建设路。同款蛋烘糕景区5元，建设路3元。,high
146,美食避坑,看菜牌分本地价外宾价,部分老店菜单有两张，本地人一张游客一张。点菜前直接问'本地价好多'，或看墙上手写价。,high
147,美食避坑,早去老店避开旅游团,陈麻婆、龙抄手等总店，11点前到不排队且是现做。12点后旅游团涌入，出菜快但全是预制。,medium
148,美食避坑,点单说'小份'更地道,成都小吃小份即标准份，大份是给游客的加量版。小份更能尝到原味，价格差一倍。,low
149,美食避坑,别信'最正宗'招牌,满街都是'老字号总店'，认准门头有'XX总府路店'或查大众点评分。景区门口挂'百年老店'多是新开。,high
150,美食避坑,自带纸巾和零钱,老店不提供免费纸巾，酸辣粉店找零常用硬币。景区店强制消费纸巾2元一包，本地店可退。,low
151,景点安排,三星堆预约与导览,必须提前3天在公众号抢票，现场无票。租讲解器（30元）或请导游，否则青铜馆走马观花。至少留4小时。,high
152,景点安排,西岭雪山季节错峰,12-2月滑雪季周末人挤人，建议平日早8点到。索道票提前买往返，单程排队超1小时。非雪季别去，只有光秃秃山。,high
153,景点安排,峨眉山金顶观日出,看日出需住雷洞坪或金顶，凌晨4点起。提前查天气，阴雨天白跑。金顶风大租大衣，别带伞。,high
154,景点安排,峨眉山猴群防抢,猴区勿手提塑料袋、背包拉链拉好，登山杖举高。猴子会抢眼镜和手机，食物藏内袋。被抢别追，认栽。,high
155,景点安排,乐山大佛游船vs爬山,带老人小孩选游船（1小时看全貌），体力好爬山（下栈道单程排队1.5小时）。节假日建议早8点前到北门。,medium
156,景点安排,蜀南竹海自驾路线,景区大且分散，自驾最方便，但山路弯多，新手慎开。最佳季节4-5月或9-10月，夏季闷热蚊虫多。,medium
157,景点安排,海螺沟冰川与高反,海拔3000+，提前喝红景天。冰川步道湿滑穿防滑鞋，别靠近冰裂缝。泡温泉选二号营地，别在冰川上久留。,high
158,景点安排,毕棚沟红叶季拥挤,10月中-11月初红叶最美，但周末车堵到景区外。必须早7点入园，买电瓶车票（徒步太远），带氧气瓶。,medium
159,景点安排,稻城亚丁长线vs短线,长线（牛奶海）需全天徒步+骑马，体力差选短线（珍珠海）。提前适应高反，带便携氧气。别逞强，晚上住香格里拉镇。,high
160,景点安排,平乐古镇避雷,古镇免费，但别在节假日去，停车难。核心区商业味浓，建议沿白沫江走外围。吃奶汤面选老店，别信拉客的。,low
161,景点安排,上里古镇小众玩法,比平乐更安静，建议住一晚。二仙桥和古戏台必看，但别买路边假古董。雨季河水涨，别下河。,low
162,景点安排,安仁古镇电车与馆,安仁有轨电车值得坐，但班次少。建川博物馆需一整天，选重点馆（抗战、文革）。刘氏庄园与博物馆分开售票。,medium
163,景点安排,建川博物馆时间管理,30+场馆不可能全逛，按兴趣挑4-5个。周一闭馆，下午4点停止入场。穿舒服鞋，走断腿。,medium
164,景点安排,刘氏庄园讲解价值,不请讲解就是看房子，请导游（80元）才能听懂收租院故事。参观约2小时，结合建川博物馆安排同一天。,medium
165,景点安排,极地海洋公园表演时间,提前在公众号查当日白鲸/海豚表演时刻，提前30分钟占座。周末人多，建议工作日去。别买门口黄牛票。,medium
166,景点安排,欢乐谷避开周末,周末热门项目排队2小时+，工作日去。下载官方APP看实时排队。夏天玩水带换洗衣物，存包贵。,medium
167,景点安排,国色天乡选园策略,分陆地乐园和水上乐园，别买错票。陆地适合亲子，水上夏季才开。夜场票便宜但项目少，看准时间。,low
168,景点安排,都江堰青城山联游,都江堰从离堆公园进，走安澜索桥。青城山前山道观多，后山自然美。两地分两天，一天太赶。,medium
169,景点安排,熊猫基地看猫时间,早上7:30开门直奔月亮产房，9点后熊猫睡觉。节假日人山人海，建议住基地附近。别摸熊猫，隔玻璃拍。,high
170,景点安排,成都市区火锅避坑,网红店（小龙坎等）排队3小时，找社区老店（如骡马市附近）。微辣已是极限，外地人先点鸳鸯锅。,low
171,景点安排,宽窄巷子锦里消费,逛免费，但里面小吃贵且一般。掏耳朵30元体验可以，别买银饰和茶叶。拍照清晨去，晚上人挤人。,low
172,景点安排,九寨沟黄龙高反,黄龙海拔3500+，九寨沟2000+。去黄龙前在川主寺适应一晚，带氧气瓶。景区内别跑跳，慢慢走。,high
173,景点安排,四姑娘山三条沟选择,双桥沟最轻松（全程观光车），长坪沟徒步需半天，海子沟专业登山。新手只去双桥沟，海拔高注意高反。,medium
174,景点安排,西岭雪山住宿建议,要滑雪住山脚花水湾，泡温泉方便。要看日出住山顶（贵且冷）。别住半山腰，索道停运就困住了。,medium
175,景点安排,成都交通避堵指南,市内地铁最靠谱，打车高峰堵死。去周边景区选旅游直通车（宽窄巷子出发）。自驾避开周五晚和节假日上午。,high
176,住宿避坑,春熙路贵且吵,春熙路/太古里酒店普遍500+，夜店酒吧噪音大，临街房凌晨2点仍吵，选内侧房或直接避开。,high
177,住宿避坑,宽窄巷子溢价高,宽窄巷子周边民宿常挂400-800，实际隔音差，楼下游客到23点，建议住隔壁奎星楼街便宜200。,high
178,住宿避坑,天府广场中转选,天府广场适合赶早班车/高铁，地铁1/2号线交汇，房价300-500，但早晚高峰电梯排队久，选低楼层。,medium
179,住宿避坑,骡马市性价比王,骡马市地铁2/4号线换乘，200-350元住准四星，离春熙路2站，晚上安静，适合预算有限。,low
180,住宿避坑,牛王庙吃住双赢,牛王庙2号线旁，人均150-300，楼下全是苍蝇馆子，但部分老楼无电梯，订前确认楼层。,medium
181,住宿避坑,玉林路文艺但旧,玉林路小酒馆周边民宿300-500，装修文艺但管道老，热水不稳定，洗澡前先放水5分钟。,medium
182,住宿避坑,抚琴便宜藏雷,抚琴片区100-200元多招待所，烟火气足但卫生堪忧，自带床单，检查空调是否制冷。,high
183,住宿避坑,火车北站别住,火车北站及太升南路治安差，拉客多，低价房多为隔断间，财物易失，坚决不住。,high
184,住宿避坑,太升南路手机城,太升南路以手机维修闻名，酒店老旧且人员混杂，除非转车否则别订，房价再低也别贪。,high
185,住宿避坑,刷单评论要识破,预订平台看差评，若全是“位置好”无细节图，多半刷单。用携程/飞猪交叉比价，同一房差50元。,high
186,住宿避坑,图片滤镜防失真,酒店照片打光严重，订前搜“酒店名+实拍”小红书，重点看卫生间和窗户是否真实。,medium
187,住宿避坑,无窗房憋屈死,成都潮湿，无窗房发霉味重，预订时勾选“有窗”，到店发现无窗直接要求退款。,high
188,住宿避坑,噪音楼层问清,订房时电话问“靠马路还是小区”，临春熙路/宽窄巷子的房，选5层以上且双层玻璃。,medium
189,住宿避坑,空调加钱陷阱,部分老旅馆空调另收20-30元/晚，下单前看“费用说明”，入住先试遥控器。,medium
190,住宿避坑,押金收据留好,小酒店收100现金押金，退房时说“有损”，坚持要收据并拍房间视频自证。,high
191,住宿避坑,地铁口假距离,标注“距地铁200米”可能直线距离，实际绕行10分钟，用地图导航查步行时间。,medium
192,住宿避坑,半夜到先确认,凌晨落地成都，先订可24小时前台酒店，部分民宿无前台，提前电话确认值班。,high
193,住宿避坑,旺季提前三天退,节假日（国庆/糖酒会）房价翻倍，若行程变，提前3天可免费退，当天退扣全款。,medium
194,住宿避坑,毛巾杯子自带,快捷酒店毛巾消毒不彻底，自带一次性压缩毛巾，检查水杯有无茶渍。,low
195,住宿避坑,退房查隐形消费,退房时核对迷你吧，没喝也常被算账，入住时让前台当面清点并签字。,medium
196,亲子避坑,自然馆周一闭馆,成都自然博物馆周一闭馆，务必提前预约，选工作日早场人少，恐龙厅孩子最爱但需排队，建议开门直冲。,high
197,亲子避坑,科技馆预约抢票,四川科技馆免费但需提前3天凌晨抢票，带身份证入园，适合4岁以上，一楼航天区最热，先玩再逛。,high
198,亲子避坑,极地馆避开午间,海昌极地海洋公园上午10点前到，先看鲸豚表演，午后人多晒，企鹅馆冷气足，给孩子带薄外套。,medium
199,亲子避坑,欢乐谷选低幼区,欢乐谷儿童区适合1.2米以下，旋转木马和迷你过山车不排队，周末人多，建议自带防水围兜和替换衣。,medium
200,亲子避坑,宽窄巷子弃推车,宽窄巷子石板路颠簸，婴儿车难行，建议用背带，或直接打车去人民公园，孩子玩茶社更安全。,high
201,亲子避坑,锦里改走武侯祠,锦里路窄人多，推车寸步难行，改去武侯祠西侧园林，人少树荫多，还能看锦鲤，孩子更自在。,high
202,亲子避坑,儿童餐认准蒸蛋,川菜馆点蒸蛋、白灼虾、番茄丸子汤，避开辣椒，问清‘免辣’，多数火锅店有儿童套餐，自带辅食剪。,medium
203,亲子避坑,餐厅要儿童椅,热门餐厅如‘柴门饭儿’有儿童座椅，但需早到，建议电话预订时备注，没有就选带沙发的包间。,low
204,亲子避坑,午睡安排回酒店,每天12-14点回酒店午睡，别硬撑景点，睡醒再去博物馆或商场，孩子情绪稳定全家轻松。,high
205,亲子避坑,景点间留缓冲,上午一个大景点，下午一个小点，中间安排茶馆或商场休息，每段车程不超过40分钟，否则娃会闹。,high
206,亲子避坑,防走失穿亮色,人多场所给孩子穿亮黄/荧光绿外套，拍照记住当天衣服，约定‘找不到就找穿制服的人’。,high
207,亲子避坑,定位器必带,给娃戴儿童电话手表或定位器，设好电子围栏，锦里、宽窄巷子、地铁站信号差，提前测试。,high
208,亲子避坑,夏季防暑三件套,7-8月带小风扇、冰袖、藿香正气水，户外景点每1小时进室内吹空调，多喝水，防午后高温。,high
209,亲子避坑,冬季保暖要分层,成都冬天湿冷，穿三层：棉毛衫+抓绒+羽绒，帽子围巾必备，室内空调热，随时脱穿。,medium
210,亲子避坑,地铁比打车快,市区景点地铁最方便，2号线直达春熙路，带婴儿车走无障碍电梯，避开早晚高峰，打车易堵。,medium
211,亲子避坑,熊猫基地早去,看花花要7点前到门口，否则排队3小时，孩子会崩溃，推车只能停门口，建议带背带，走西大门人少。,high
212,亲子避坑,厕所找母婴室,商场和博物馆有母婴室，景区少，提前查‘成都母婴室地图’，包里带折叠尿垫和湿巾。,low
213,亲子避坑,零食法安抚神器,包里备山楂棒、小饼干、果泥，排队或哭闹时给一颗，但别给辣条或坚果，防呛噎。,low
214,亲子避坑,雨天备一次性雨衣,成都多夜雨，带轻便雨衣和鞋套，别打伞占手，推车加防水罩，雨天去科技馆最合适。,medium
215,亲子避坑,每日只排两项目,严格每天2个主要活动，上下午各一，留足机动时间，孩子累了就取消，别贪多，旅行是陪不是赶。,high
216,消费提醒,牛肉干辨伪三招,先看配料表首位须为牛肉，再查包装SC编号，最后扫防伪码。正规店认准‘张飞’‘灯影’等老字号，街边散装慎买。,high
217,消费提醒,火锅底料选品牌,别买三无透明袋装料，认准‘海底捞’‘桥头’‘德庄’等厂名厂址清晰、含QS/SC标志的产品。超市比景区店更靠谱。,medium
218,消费提醒,蜀绣认准双面绣,真蜀绣正反两面图案一致且针脚细密，手摸有丝滑感。去‘蜀锦织绣博物馆’或大型商场专柜，路边摊多是印花仿品。,high
219,消费提醒,装扮拍照先问价,宽窄巷子、锦里穿古装或与‘铜人’合影前，口头确认‘整套服装+道具+拍摄’总价，并录音或拍照留证，拒绝拍完再收费。,high
220,消费提醒,按摩足浴查执照,进店先看卫生许可证和营业执照，选明码标价在墙上的连锁品牌（如‘富侨’）。拉客的‘保健’店多涉黄宰客，直接拒绝。,high
221,消费提醒,酒吧KTV看酒单,入座前索要酒水单，确认无‘最低消费’‘开瓶费’‘服务费’字样。点单后核对账单，警惕‘天价果盘’，结账用手机录屏。,high
222,消费提醒,景区餐饮点餐先问,在锦里、宽窄巷子吃饭，先看菜单是否标‘时价’，点鱼/虾等称重菜时，要求当场称重并报总价，结账前核对明细。,medium
223,消费提醒,网约车拒绝加价,平台叫车后，司机要求加价或走‘快速通道’直接拒绝并投诉。上车核对车牌，导航选‘默认路线’，发现绕路立即录屏。,high
224,消费提醒,演出票官方渠道购,看川剧变脸或演唱会，只走大麦、猫眼或剧场官网。黄牛票假票多，且扫码后可能失效，别信‘内部票’‘加急票’。,high
225,消费提醒,购物保留小票凭证,所有特产、工艺品付款后索要盖章收据或发票，注明品名和金额。遇质量问题，凭凭证拨打12315，成都处理效率较高。,medium
226,交通出行,天府通乘地铁,下载天府通App并开通扫码乘车，进出站均需扫码，余额不足时无法进站，可在线充值。,high
227,交通出行,地铁景点覆盖,1号线到文殊院、2号线到春熙路/人民公园、3号线到熊猫基地（熊猫大道站）、4号线到宽窄巷子。,medium
228,交通出行,公交IC卡通用,天府通IC卡（含实体卡/NFC）可乘市区公交和地铁，享9折优惠，部分线路支持2小时免费换乘。,medium
229,交通出行,景区直通车班次,武侯祠/宽窄巷子至熊猫基地直通车8:00-16:00约30分钟一班，单程10元，末班返程18:00。,medium
230,交通出行,犀浦快铁都江堰,犀浦站乘城际C字头至都江堰约25分钟，票价10元，刷天府通卡可直接进站，无需购票。,high
231,交通出行,高铁去峨眉乐山,成都东站乘高铁至乐山约50分钟、至峨眉山约1小时，建议提前12306购票，节假日需抢票。,medium
232,交通出行,双流天府选机场,双流机场地铁10号线直达（市区约30分钟）；天府机场18号线快线（约50分钟），务必确认航站楼和机场。,high
233,交通出行,夜间公交替代,23:00地铁停运后，可乘夜间1-5路（如夜1路沿人民路）至凌晨，班次约20-30分钟，查询实时到站。,high
234,交通出行,共享单车禁骑区,天府广场、春熙路核心商圈及绕城内部分区域为禁停区，超出运营区停车将收调度费，骑行前查看App蓝框。,medium
235,交通出行,限行尾号外地车,工作日7:30-20:00绕城高速内限行，尾号轮换（周一1/6，周二2/7，周三3/8，周四4/9，周五5/0），外地车同限。,high
236,摄影避坑,IFS熊猫上午拍,早上9-11点人少且顺光，熊猫正脸清晰。下午逆光严重，且需排队2小时，建议工作日早去。,high
237,摄影避坑,太古里夜景蓝调时刻,日落后20分钟（约19:30-20:00）拍大慈寺与LED屏，天空呈深蓝。太晚灯光过曝，早于日落天空发白。,medium
238,摄影避坑,都江堰日出需查水位,日出前1小时到鱼嘴分水堤，需提前查都江堰水利工程放水时间，枯水期河床裸露，画面无气势。,medium
239,摄影避坑,青城山云海雨后清晨,前一天下雨、次日晴，早6点前到上清宫。云海概率最大，但山路湿滑，务必穿防滑鞋并带头灯。,medium
240,摄影避坑,九眼桥拍廊桥用长焦,在九眼桥东侧人行道用70-200mm镜头压缩空间，拍廊桥与倒影。别用广角，否则桥小且杂乱。,high
241,摄影避坑,339电视塔避开塔身灯,拍电视塔全景选猛追湾河对岸，晚上19:30塔身变光污染，建议用黑卡遮光或后期降高光。,medium
242,摄影避坑,龙泉山拍城市全景风向,选择西北风后晴天，能见度超15km。春秋季最佳，夏季雾霾重。山顶风大，需带重脚架和快门线。,high
243,摄影避坑,峨眉山金顶日出防雾,金顶日出受天气影响极大，提前看山顶实时监控。若多云，转拍云海佛光，别死等日出。,medium
244,摄影避坑,成都全域禁飞需申报,除双流机场净空区外，市中心、景区均禁飞无人机。如需航拍，须提前到军民航或景区管理处报备，否则没收罚款。,high
245,摄影避坑,青城山航拍需景区许可,青城山属道教圣地，非景区授权不得飞无人机。建议在山门口咨询游客中心，获许可后限高120米内。,high
246,摄影避坑,夜景三脚架防震动,成都地铁沿线震动大，如拍九眼桥或天府广场，选路边石墩或人行道远离车道，用脚架加重物并延时2秒拍摄。,high
247,摄影避坑,ISO不超800控噪点,拍太古里或锦里夜景，ISO尽量锁在100-400，用f/8光圈和5-10秒长曝光。超过800噪点明显，后期难救。,high
248,摄影避坑,宽窄巷子人像用慢门,周末人多，用1/15秒慢门拍背景人流虚化，人物保持静止。机位选窄巷子砖墙侧，避开灯笼直射光。,medium
249,摄影避坑,锦里红灯笼白平衡偏移,锦里灯笼色温偏暖，拍人像时白平衡调至5000K或手动偏移，否则肤色发黄。用反光板补冷光。,medium
250,摄影避坑,熊猫玻璃反光用偏振镜,在熊猫基地室内馆，将CPL偏振镜旋转至消除玻璃反光，同时镜头贴近玻璃（距离小于1cm），避免对焦失误。,high
