template_id,days,crowd,budget,itinerary_json
1,1,学生穷游,300以内,"{""days"": [{""day"": 1, ""morning"": ""成都大熊猫繁育研究基地 - 早上7:30前到达（地铁3号线熊猫大道站D口出，换乘景区直通车或打车约15元；门票学生半价27元）。务必一开门就冲月亮产房看幼年熊猫，9点后熊猫开始犯困，10点前看完主要区域。自带水和干粮，园内餐饮贵。"", ""afternoon"": ""武侯祠+锦里 - 从熊猫基地打车到地铁熊猫大道站（约10元），乘3号线到高升桥站（约4元，40分钟），出站步行5分钟。武侯祠学生票25元（约1.5小时逛完），中午在锦里吃小吃（凉糕、三大炮、钵钵鸡等，人均30元吃饱）。锦里免费，逛2小时，感受三国文化与川西民俗。"", ""evening"": ""春熙路/IFS/太古里 - 从锦里乘地铁3号线到春熙路站（约3元，20分钟）。先上IFS七楼和爬墙熊猫合影（免费），再逛太古里看夜景（免费），最后在春熙路附近吃晚餐：推荐龙王庙正街的「绝舌冒菜」或「三顾冒菜」，人均25元，或买路边锅盔+冰粉（15元）。"", ""notes"": ""1. 熊猫基地一定要早，7:30开门就冲，否则看熊猫屁股。2. 武侯祠和锦里挨着，先逛武侯祠（需买票），锦里免费但人多注意手机。3. 太古里网红餐厅贵，穷游去旁边东糠市街吃苍蝇馆子。4. 全天交通费约35元，门票52元，餐饮约60元，总计约147元，预算充足可加一杯鹤鸣茶社的茶（但今天时间紧，不去）。5. 穿运动鞋，日行2万步。6. 晚上9点后春熙路地铁末班车前回住处。""}]}"
2,1,情侣约会,800左右,"{""days"": [{""day"": 1, ""morning"": ""成都大熊猫繁育研究基地 - 早上7:30打车或乘地铁3号线至熊猫大道站换乘景区直通车前往（车费约30元/人，门票55元/人）。赶在8点开门时入园，直奔月亮产房看幼崽，此时熊猫最活跃，建议游玩2.5小时，避开9:30后旅行团高峰。"", ""afternoon"": ""武侯祠+锦里（同一区域） - 从熊猫基地打车至武侯祠约40元（或乘景区直通车10元/人）。先游览武侯祠（门票50元/人，游玩1.5小时），感受三国文化，红墙竹影处拍照很出片。下午4点从侧门直接进入锦里古街（免费），吃三大炮、糖油果子（约20元），逛到5:30人流渐多前离开。"", ""evening"": ""春熙路/IFS/太古里 - 从锦里打车约25元至春熙路。先上IFS 7楼和爬墙熊猫合影（免费），再步行至太古里看夜景，打卡大慈寺外围灯光。晚餐安排在镗钯街或太古里附近，推荐情侣吃『马旺子川菜』（人均120元）或『烤匠烤鱼』（人均100元），饭后在方所书店逛逛，或去兰桂坊酒吧街小酌一杯（人均80元）。"", ""notes"": ""1. 熊猫基地务必7:30前出发，否则熊猫回室内会排队且看不到活跃状态；2. 武侯祠和锦里之间无需打车，直接穿门而过；3. 锦里小吃街人多，建议只尝不买多，晚餐留到太古里；4. 今日总通勤约1.5小时（打车分段进行），控制在2小时内；5. 预算：门票+车费约150元/人，晚餐+小吃约200元/人，总花费350元/人，剩余预算可买熊猫玩偶或喝茶。""}]}"
3,1,亲子家庭,1000左右,"{""days"": [{""day"": 1, ""morning"": ""成都大熊猫繁育研究基地 - 上午7:30打车或乘地铁3号线到熊猫大道站再换乘景区直通车前往（车费约30元/人，门票55元/人，儿童27元）。赶在8点开门时入园，直奔幼年熊猫别墅，看熊猫进食和玩耍，9-10点最活跃。游览约3小时，园内观光车10元/人（可选）。"", ""afternoon"": ""武侯祠+锦里（一墙之隔，同一半天） - 从熊猫基地打车至武侯祠约40分钟，车费约60元。武侯祠门票50元/人，儿童半价，游览1.5小时，了解三国文化。下午3点步行到隔壁锦里古街，免费逛吃，在锦里内品尝三大炮、糖油果子、钵钵鸡等小吃，人均约40元。之后乘地铁3号线（高升桥站）到宽窄巷子站（约20分钟，4元/人）。"", ""evening"": ""宽窄巷子+人民公园鹤鸣茶社（同一半天，步行10分钟） - 傍晚5点半先步行至人民公园鹤鸣茶社（免费入园），体验盖碗茶（20元/杯），给孩子点一份钟水饺或担担面（约15元）。6点半步行10分钟到宽窄巷子，夜游青砖黛瓦的院落，看川剧变脸表演（亲子场约80元/人含茶水）。之后乘地铁2号线至春熙路站（3站，约10分钟）。"", ""notes"": ""1. 熊猫基地务必7:30前出发，8点开门直接冲月亮产房，晚了熊猫就睡觉了。2. 武侯祠和锦里紧凑游玩，不要在锦里吃正餐，留肚子到宽窄巷子。3. 鹤鸣茶社下午4点后人少，傍晚光线拍照好看，但注意蚊虫，带驱蚊水。4. 宽窄巷子里的掏耳朵服务贵且体验一般，不建议尝试。5. 春熙路夜市餐饮偏贵，建议在宽窄巷子附近吃小吃，到春熙路只逛夜景拍照。6. 全天交通建议用天府通APP扫码乘地铁，打车高峰避开5-7点。7. 预算参考：门票+交通约200元/人，餐饮约150元/人，表演80元/人，总花费约430元/人，剩余预算可买熊猫玩偶或文创。""}]}"
4,1,商务差旅,600左右,"{""days"": [{""day"": 1, ""morning"": ""成都大熊猫繁育研究基地 - 7:30打车或乘地铁3号线至熊猫大道站转景区直通车（约40分钟，车费+门票约60元），务必赶在8:00开园时入园，趁熊猫上午进食活跃期参观月亮产房和太阳产房，游览约2.5小时。"", ""afternoon"": ""武侯祠+锦里（同一半天） - 从熊猫基地打车至武侯祠约40分钟（约50元），先参观武侯祠（门票50元，约1.5小时），出门即达隔壁锦里古街（免费），在锦里内小吃街解决午餐（人均40元），逛吃约1.5小时后步行10分钟至地铁3号线高升桥站。"", ""evening"": ""春熙路/IFS/太古里 - 乘地铁3号线至春熙路站（约20分钟，4元），傍晚先打卡IFS爬墙熊猫，逛太古里夜景，在附近餐馆用晚餐（推荐钵钵鸡或川菜，人均80元），饭后漫步大慈寺外围灯光夜景，约2小时。"", ""notes"": ""1. 熊猫基地务必7:30前出发，8:00开园直接冲观光车（10元）去最远的月亮产房，再步行往回逛，避开人流；2. 武侯祠和锦里连接紧密，锦里小吃偏贵且游客多，建议只尝特色如三大炮、糖油果子，正餐可去武侯祠大街周边老店；3. 春熙路商圈步行鞋要舒适，IFS顶层免费观景平台比楼下人少且能拍熊猫正面；4. 全天交通费约130元，门票+餐饮约340元，总花费约600元内，若打车频繁需控制在3次以内。""}]}"
5,2,学生穷游,600以内,"{""days"": [{""day"": 1, ""morning"": ""成都大熊猫繁育研究基地 - 7:30前到达门口（地铁3号线熊猫大道站D口出，转景区直通车或打车约10元/人）。门票学生半价27元。务必赶在8:00开门第一批入园，直奔月亮产房和1号别墅，看熊猫进食和玩耍的活跃状态。游玩约3小时，自带干粮和水做早餐，景区内餐饮贵。"", ""afternoon"": ""武侯祠 + 锦里 - 从熊猫基地打车到地铁熊猫大道站，乘3号线到高升桥站（约5元），出站步行10分钟即到。武侯祠学生票25元，游览约1.5小时，感受三国文化。下午4点左右出来，直接逛隔壁的锦里古街（免费），尝小吃如三大炮、糖油果子（人均20元），感受川西民俗，此时人相对少且光线好。"", ""evening"": ""春熙路/IFS/太古里 - 从锦里打车或坐公交82路到春熙路（约20分钟，2元）。晚上逛IFS看爬墙熊猫，太古里看现代与传统建筑结合的夜景，春熙路步行街吃晚餐，推荐路边小馆或银石广场负一楼小吃（人均25元，如担担面、抄手）。夜景灯光漂亮，适合拍照打卡。"", ""notes"": ""熊猫基地一定要早去，中午熊猫就睡觉了。武侯祠和锦里紧挨着，从锦里出来后直接去春熙路，不要回酒店浪费时间。锦里的小吃比外面贵一点，浅尝即可。晚上在太古里不要进大商场买东西，穷游只看不买。""}, {""day"": 2, ""morning"": ""人民公园鹤鸣茶社 - 8:30起床，地铁2号线到人民公园站（A口出，约2元）。在鹤鸣茶社点一杯盖碗茶（最低12元），体验成都慢生活，看当地人采耳、下棋。坐1-2小时，感受市井氛围。早餐就在茶社附近买豆浆油条（5元），或公园门口的小笼包。"", ""afternoon"": ""宽窄巷子 - 从人民公园步行约10分钟到宽窄巷子（免费）。中午在窄巷子找一家小吃店解决午餐（人均20元，如伤心凉粉、锅盔）。逛宽巷子、窄巷子、井巷子，看老成都院落和文创小店。下午2-3点结束，此时游客略多，但光线好适合拍照。游玩约2小时。"", ""evening"": ""九眼桥合江亭 - 从宽窄巷子坐地铁4号线到市二医院站转2号线到牛王庙站（约3元），出站步行10分钟到九眼桥。沿锦江边散步，看合江亭夜景和廊桥灯火。在九眼桥附近找苍蝇馆子吃晚餐（人均25元，如冒菜、干锅）。晚上酒吧街氛围热闹，但不进酒吧消费，穷游看夜景即可。"", ""notes"": ""鹤鸣茶社是体验成都慢生活的精髓，不要省这12元茶钱。宽窄巷子商业化较重，纪念品不要买，看看就好。晚上九眼桥灯光晚上10点前最漂亮，之后部分灯会关。今天全程步行+地铁，通勤控制在1小时内，轻松不累。""}]}"
6,2,情侣约会,1500左右,"{""days"": [{""day"": 1, ""morning"": ""成都大熊猫繁育研究基地 - 7:30打车或地铁3号线至熊猫大道站换乘景区直通车（约1小时，车费+门票约70元/人），赶在9点前入园看熊猫进食玩耍，建议提前线上购票并直奔月亮产房。"", ""afternoon"": ""武侯祠+锦里 - 从熊猫基地打车至武侯祠（约40分钟，车费约40元），先逛武侯祠（门票50元/人），感受三国文化；17:00后步行1分钟进入锦里古街，吃小吃（三大炮、钵钵鸡等，人均40元），红灯笼初上时拍照最美。"", ""evening"": ""春熙路/IFS/太古里 - 从锦里打车至春熙路（约20分钟，车费约25元），打卡IFS熊猫爬墙，逛太古里裸眼3D屏，晚餐选太古里附近火锅（如吼堂或小龙坎，人均120元），饭后逛方所书店或小酒馆听民谣。"", ""notes"": ""熊猫基地一定要早起，9点后熊猫多睡觉；武侯祠和锦里连逛约3小时，锦里小吃偏贵且人多，建议浅尝；春熙路商圈夜晚灯光最出片，IFS顶楼熊猫正面拍照需排队，可让男友在楼下仰拍更独特。""}, {""day"": 2, ""morning"": ""青城山（前山） - 早7:30从春熙路打车至犀浦站（约30分钟，车费约50元），换乘城际高铁至青城山站（约30分钟，票价10元/人），出站坐摆渡车到前山景区（往返20元/人），门票80元/人，全程徒步约4小时，感受道教仙山幽静。"", ""afternoon"": ""都江堰景区 - 从青城山打车至都江堰景区（约30分钟，车费约40元），门票80元/人，重点看鱼嘴分水堤、飞沙堰和宝瓶口，走安澜索桥，约2.5小时逛完；17:00前从都江堰站坐高铁返回犀浦（约20分钟，票价10元/人），再打车回市区（约40元）。"", ""evening"": ""人民公园鹤鸣茶社 - 从犀浦直接打车至人民公园（约30分钟，车费约35元），在鹤鸣茶社体验盖碗茶（人均20元），点钟水饺或担担面（人均30元），坐竹椅看本地人采耳，感受成都慢生活。"", ""notes"": ""青城山+都江堰一天较累，建议穿舒适运动鞋，自带水和零食；都江堰景区内不要坐观光车，步行更佳；回程高铁票建议提前买，避免无座；晚上鹤鸣茶社21点前打烊，先喝茶再吃夜宵，附近有老妈蹄花可加餐。""}]}"
7,2,亲子家庭,2000左右,"{""days"": [{""day"": 1, ""morning"": ""成都大熊猫繁育研究基地 - 7:30前到达门口（打车约50元，或地铁3号线熊猫大道站+接驳车2元），直奔月亮产房看幼年熊猫，上午熊猫最活跃，游玩约3小时。门票55元/人，儿童免票。"", ""afternoon"": ""武侯祠+锦里（一墙之隔） - 从熊猫基地打车至武侯祠约40元（或地铁3号线高升桥站），先逛武侯祠（门票50元/人，儿童免票），了解三国文化，约1.5小时；下午4点后进入锦里古街，免费，品尝三大炮、糖油果子等小吃，体验川西民俗，约2小时。"", ""evening"": ""春熙路/IFS/太古里 - 打车从锦里至春熙路约20元，看IFS爬墙熊猫打卡，逛太古里夜景，在附近吃火锅（推荐小龙坎或大龙燚，人均100-150元），逛完步行回酒店。"", ""notes"": ""1. 熊猫基地一定要赶早，7:30开门就冲，否则熊猫睡觉且人挤人。2. 武侯祠和锦里连逛，锦里小吃偏贵，建议少买多尝。3. 春熙路商圈晚餐要提前排号，热门火锅等位超1小时。4. 全天交通费约150元，门票+餐费人均约300元。""}, {""day"": 1, ""morning"": ""成都大熊猫繁育研究基地 - 7:00打车出发（约50元，或地铁3号线+景区直通车），争取7:30开园即入，直奔月亮产房看熊猫宝宝，此时大熊猫最活跃。游玩3小时，门票55元/人（儿童免票）。"", ""afternoon"": ""武侯祠+锦里 - 打车至武侯祠（约40元），先逛武侯祠（门票50元/人），了解三国文化约1.5小时，下午3点后进入隔壁锦里古街（免费），逛吃川西小吃（三大炮、钵钵鸡），体验采耳，约2小时。"", ""evening"": ""春熙路/IFS/太古里 - 打车至春熙路（约20元），打卡IFS爬墙熊猫，逛太古里潮店，在附近吃地道川菜（推荐马旺子或饕林，人均80-120元），饭后看3D裸眼大屏，夜景绝佳。"", ""notes"": ""1. 熊猫基地必须上午去，下午熊猫就睡觉了。2. 武侯祠和锦里连在一起，先逛祠再逛街，锦里小吃偏贵，浅尝即可。3. 春熙路晚上人多，注意看好孩子。4. 全天交通费约130元，门票+餐费人均约280元。""}, {""day"": 2, ""morning"": ""宽窄巷子 - 早餐后从春熙路打车约15元（或地铁4号线宽窄巷子站），逛老成都院落，看川剧变脸（现场买票约60元/人），品尝三大炮、伤心凉粉，游玩约2小时，免费。"", ""afternoon"": ""人民公园鹤鸣茶社 - 步行10分钟即达，在百年老茶馆喝盖碗茶（15-30元/人），体验成都慢生活，给孩子点一份钟水饺或担担面，看采耳（30元），闲坐1.5-2小时。"", ""evening"": ""九眼桥/合江亭夜景 - 打车约15元，沿锦江散步看廊桥夜景，在附近吃老妈蹄花或串串（人均60-80元），饭后回酒店休息。"", ""notes"": ""1. 宽窄巷子人流量大，孩子要牵好手。2. 鹤鸣茶社下午4点后人少，位置更舒服，可自带小零食。3. 九眼桥酒吧街热闹，带小孩建议只走河边步道，不进酒吧。4. 全天交通费约40元，餐费+茶点人均约150元。""}, {""day"": 2, ""morning"": ""宽窄巷子 - 打车或地铁4号线（约15元），清晨人少适合拍照，看明清古建筑和川西庭院，逛文创店，给孩子买糖画（15元），游玩约2小时，免费。"", ""afternoon"": ""人民公园鹤鸣茶社 - 步行10分钟，在百年老茶馆竹椅上喝盖碗茶（20元/人），看成都人遛鸟、打牌、采耳，给孩子点份三大炮，感受最地道的市井文化，坐1.5小时。"", ""evening"": ""太古里夜景+春熙路 - 打车至春熙路（约15元），看IFS熊猫爬墙灯光秀，逛太古里大慈寺周边夜景，在附近吃跷脚牛肉或豆花火锅（人均70元），饭后回酒店。"", ""notes"": ""1. 宽窄巷子里的掏耳朵30元，比外面贵，但体验不错。2. 鹤鸣茶社要自己找位置，人多时拼桌很正常。3. 今晚早点休息，明天若去都江堰需早起，否则可在市区休闲。4. 全天交通费约40元，人均消费约150元。""}]}"
8,2,老年慢游,1500左右,"{""days"": [{""day"": 1, ""morning"": ""成都大熊猫繁育研究基地 - 7:30开门即入园，熊猫上午最活跃。地铁3号线熊猫大道站D口出，换乘景区直通车（2元/人）或打车约15元。门票55元/人，观光车10元/人（可选，老人建议坐）。游览约2.5小时，重点看月亮产房和太阳产房。"", ""afternoon"": ""武侯祠+锦里（一墙之隔） - 从熊猫基地打车至地铁熊猫大道站，坐3号线到高升桥站（约40分钟，5元/人），出站步行8分钟到武侯祠。先游武侯祠（门票50元/人，60岁以上免票，建议带上身份证），园内古柏参天，道路平缓，适合慢走。约1.5小时后从侧门直接进锦里古街，免费，在锦里内找小吃解决午餐（推荐三大炮、糖油果子、担担面，人均30元）。锦里老街平路好走，可慢慢逛至下午4点。"", ""evening"": ""春熙路/IFS/太古里 - 从锦里打车至春熙路（约15元，20分钟）。傍晚看IFS熊猫爬墙（免费），太古里夜景灯光柔和，适合散步。晚餐在太古里周边选一家老字号（推荐盘飧市或龙抄手，人均60元）。饭后在春熙路步行街慢逛，看裸眼3D大屏。"", ""notes"": ""熊猫基地早上人最多，但熊猫也最活跃，务必7:30前到门口排队。武侯祠对60岁以上老人免费但需换票，记得带身份证。锦里小吃偏甜辣，老人若肠胃弱建议选不辣品种。春熙路晚上人多，注意保管随身物品，走累了可在太古里方所书店休息。全天步数约1.2万步，建议穿舒适运动鞋。""}, {""day"": 1, ""morning"": ""成都大熊猫繁育研究基地 - 7:30开门即入园，熊猫上午最活跃。地铁3号线熊猫大道站D口出，换乘景区直通车（2元/人）或打车约15元。门票55元/人，观光车10元/人（可选，老人建议坐）。游览约2.5小时，重点看月亮产房和太阳产房。"", ""afternoon"": ""武侯祠+锦里（一墙之隔） - 从熊猫基地打车至地铁熊猫大道站，坐3号线到高升桥站（约40分钟，5元/人），出站步行8分钟到武侯祠。先游武侯祠（门票50元/人，60岁以上免票，建议带上身份证），园内古柏参天，道路平缓，适合慢走。约1.5小时后从侧门直接进锦里古街，免费，在锦里内找小吃解决午餐（推荐三大炮、糖油果子、担担面，人均30元）。锦里老街平路好走，可慢慢逛至下午4点。"", ""evening"": ""春熙路/IFS/太古里 - 从锦里打车至春熙路（约15元，20分钟）。傍晚看IFS熊猫爬墙（免费），太古里夜景灯光柔和，适合散步。晚餐在太古里周边选一家老字号（推荐盘飧市或龙抄手，人均60元）。饭后在春熙路步行街慢逛，看裸眼3D大屏。"", ""notes"": ""熊猫基地早上人最多，但熊猫也最活跃，务必7:30前到门口排队。武侯祠对60岁以上老人免费但需换票，记得带身份证。锦里小吃偏甜辣，老人若肠胃弱建议选不辣品种。春熙路晚上人多，注意保管随身物品，走累了可在太古里方所书店休息。全天步数约1.2万步，建议穿舒适运动鞋。""}]}"
9,3,学生穷游,1000以内,"{""days"": [{""day"": 1, ""morning"": ""成都大熊猫繁育研究基地 - 7:30前到达门口（地铁3号线熊猫大道站，出站后乘景区直通车或打车约10元），门票55元（学生半价27元）。务必上午参观，熊猫上午最活跃，看月亮产房和幼年熊猫别墅。建议自带水和干粮，园内餐饮较贵。"", ""afternoon"": ""武侯祠 + 锦里 - 从熊猫基地乘地铁3号线转1号线到高升桥站（约1小时，车费5元），武侯祠门票50元（学生半价25元），锦里免费。武侯祠和锦里一墙之隔，先逛武侯祠（红墙竹影打卡），傍晚前进入锦里，品尝三大炮、糖油果子等小吃（人均30元）。"", ""evening"": ""春熙路/IFS/太古里 - 乘地铁1号线转2号线到春熙路站（约30分钟，车费3元），打卡IFS熊猫爬墙，逛太古里夜景，方所书店免费拍照。晚餐推荐太古里附近的小谭豆花或龙抄手（人均25元），或春熙路夜市小吃（人均20元）。"", ""notes"": ""1. 熊猫基地一定要早去，7:30前到，否则熊猫睡觉且人挤人。2. 武侯祠学生票需带学生证，锦里小吃先问价再买。3. 春熙路商圈物价较高，尽量选择小店或路边摊。4. 全天交通费约20元，餐饮约80元，门票约52元。""}, {""day"": 2, ""morning"": ""都江堰景区 - 从成都犀浦站乘城际列车到离堆公园站（票价10元，约30分钟，需提前在12306购票），出站步行10分钟即到。门票80元（学生半价40元），游览鱼嘴、飞沙堰、宝瓶口，走安澜索桥。建议自带干粮，景区内餐饮贵。"", ""afternoon"": ""青城山（前山） - 从都江堰景区乘公交101路（2元）约30分钟到青城山站，前山门票80元（学生半价40元），若时间紧可选后山（门票20元，但需更长时间）。前山道观多，可乘索道（单程35元，自愿），徒步上山约3小时，注意末班车时间。"", ""evening"": ""返回成都市区 - 从青城山站乘城际列车回犀浦（票价10元，约40分钟），转地铁2号线回市区（约20分钟，3元）。晚餐可在犀浦或市区吃实惠的冒菜或豆花饭（人均20元）。"", ""notes"": ""1. 提前买好犀浦-离堆公园和青城山-犀浦的往返票，避免无座。2. 青城山雨天路滑，穿防滑鞋，带雨衣。3. 都江堰游览约3小时，青城山约4小时，注意体力分配。4. 全天交通约40元，门票约80元，餐饮约40元。""}, {""day"": 3, ""morning"": ""宽窄巷子 - 乘地铁4号线到宽窄巷子站（约2元），免费参观，感受老成都院落文化，拍照打卡。不要在巷内买小吃，价格偏高，可拍完照去人民公园附近吃。"", ""afternoon"": ""人民公园鹤鸣茶社 - 从宽窄巷子步行10分钟到人民公园，鹤鸣茶社喝茶（盖碗茶15-20元/杯），体验采耳（30元，可讲价）。午餐在公园附近吃钟水饺或担担面（人均15元）。"", ""evening"": ""九眼桥夜景（可选）或太古里补漏 - 若前晚未逛够，可乘地铁2号线到东门大桥站（2元），免费看九眼桥夜景和酒吧街（不消费）。若想购物，可再回春熙路看夜景。晚餐推荐九眼桥附近的小吃街（人均20元）。"", ""notes"": ""1. 鹤鸣茶社人多，可拼桌，自带零食更省钱。2. 宽窄巷子的掏耳朵比人民公园贵，体验采耳选公园。3. 今日行程轻松，可睡到自然醒，注意退房时间。4. 全天交通约10元，餐饮约70元，茶费20元。""}]}"
10,3,情侣约会,2500左右,"{""days"": [{""day"": 1, ""morning"": ""成都大熊猫繁育研究基地 - 7:30打车或乘地铁3号线至熊猫大道站转接驳车（车费约40元/人）。看活跃的熊猫幼崽，建议尽早入园，游览约3小时，门票55元/人。"", ""afternoon"": ""武侯祠 + 锦里（一墙之隔） - 从熊猫基地打车至武侯祠约45元，或地铁3号线转高升桥站步行10分钟。武侯祠门票50元/人，游览1.5小时；随后直接步入锦里古街，免费逛吃，品尝三大炮、糖油果子等，晚餐在此解决，人均约80元。"", ""evening"": ""春熙路 / IFS / 太古里夜景 - 从锦里打车约20元或地铁3号线春熙路站。在IFS顶楼与爬墙熊猫合影，逛太古里裸眼3D屏和方所书店，夜晚灯光璀璨适合约会。夜宵可去附近香槟广场吃烤匠烤鱼或降龙爪爪，人均约100元。"", ""notes"": ""熊猫基地一定赶早，下午熊猫睡觉；武侯祠和锦里相连，别走回头路；春熙路晚餐推荐陶德砂锅或烤匠，提前手机取号避开排队。""}, {""day"": 1, ""morning"": """", ""afternoon"": """", ""evening"": """", ""notes"": """"}, {""day"": 2, ""morning"": ""都江堰景区 - 从市区坐地铁2号线至犀浦站，换乘城际列车至离堆公园站（约30分钟，票价10元/人）。游览鱼嘴、飞沙堰、宝瓶口，登秦堰楼看全景，门票80元/人，游览约3小时。"", ""afternoon"": ""青城山（前山） - 从都江堰打车至青城山景区约25元，或乘101路公交（2元）。前山道观人文为主，徒步+索道（往返60元/人）约3小时，门票80元/人。下山后可在山门附近农家乐吃老腊肉、白果炖鸡，人均约70元。"", ""evening"": ""返回市区，夜游九眼桥酒吧街 - 从青城山站乘城际列车回犀浦再转地铁回市区（约1.5小时，总车费约15元/人）。在九眼桥合江亭边散步，选一家民谣清吧小酌看夜景，人均消费约100元。"", ""notes"": ""都江堰和青城山务必一天完成，早出晚归；穿舒适运动鞋，青城山石阶多；城际列车票提前在12306买好，返程末班车约21:00，别错过。""}, {""day"": 3, ""morning"": ""人民公园鹤鸣茶社 - 从春熙路打车约10元或地铁2号线人民公园站。上午10点前到，点两杯盖碗茶（约30元/人），在竹椅上体验采耳（50元/人），看成都人慢生活，感受民国老茶馆氛围。"", ""afternoon"": ""宽窄巷子（步行10分钟） - 从鹤鸣茶社穿过少城路即到。逛宽巷子、窄巷子、井巷子，看川西院落和文创店，免费。午餐在巷内吃三大炮、伤心凉粉或小龙虾锅盔，人均约80元。下午可去隔壁的奎星楼街吃冒椒火辣串串，人均约90元。"", ""evening"": ""成都339天府熊猫塔夜景 - 从宽窄巷子打车约20元或地铁4号线转6号线。登塔观光（80元/人）俯瞰全城夜景，塔下电视塔广场有旋转餐厅和夜市。也可在附近吃一顿麻辣火锅（如蜀大侠或大龙燚），人均约120元。最后在塔下河边散步结束行程。"", ""notes"": ""鹤鸣茶社建议坐湖边位置，自带瓜子零食更划算；宽窄巷子内小吃偏贵，正餐走奎星楼街；339塔顶风大，晚上带件薄外套。""}]}"
11,3,亲子家庭,3000左右,"{""days"": [{""day"": 1, ""morning"": ""成都大熊猫繁育研究基地 - 7:30开园即入园，看熊猫进食玩耍最活跃。地铁3号线熊猫大道站D口出，换乘景区直通车或打车约15分钟。门票55元/成人，儿童/学生27元；观光车30元/人（建议坐，园区大）。游玩3-4小时。"", ""afternoon"": ""武侯祠+锦里（同一区域） - 从熊猫基地打车约40分钟/60元，或地铁3号线转高升桥站。武侯祠门票50元/成人，儿童半价，参观三国文化；锦里免费，紧邻武侯祠，逛古街吃小吃。下午时段集中游览，游玩2.5-3小时。"", ""evening"": ""春熙路/IFS/太古里 - 从锦里打车约20分钟/25元，或地铁3号线春熙路站。看IFS熊猫爬墙打卡，逛太古里裸眼3D屏，晚餐在太古里或银石广场解决（人均60-80元）。夜景灯光最美，适合拍照。"", ""notes"": ""① 熊猫基地一定赶早，7:30开园直接冲月亮产房，9点后熊猫可能睡觉。② 武侯祠和锦里连逛，锦里小吃偏贵，建议少买尝鲜，正餐可去附近耍都。③ 春熙路IFS顶楼有免费熊猫打卡点，需排队，晚上人少些。④ 全天通勤约1.5小时，符合要求。""}, {""day"": 2, ""morning"": ""都江堰景区（全天） - 提前在宽窄巷子或春熙路乘景区直通车（往返约60元/人，车程1小时），或自驾/打车单程约150元。门票80元/成人，40元/儿童。上午游鱼嘴分水堤、飞沙堰、宝瓶口，讲解都江堰水利原理，孩子可参与互动。游玩3-4小时。"", ""afternoon"": ""青城山（前山） - 从都江堰景区打车或公交101路到青城山（约30分钟，车费30元）。门票80元/成人，40元/儿童。前山道观文化为主，索道往返60元/人。建议乘索道上山，步行下山，轻松不累。游玩3小时左右。"", ""evening"": ""返回市区，夜游琴台路/文化公园周边 - 从青城山坐高铁（青城山站-犀浦站，10元/人）再转地铁回市区，约1.5小时。琴台路免费，看仿古建筑夜景，晚餐在附近吃川剧火锅（人均80元），顺路看变脸表演（约50元/人）。"", ""notes"": ""① 都江堰+青城山必须一整天，建议早起7:30出发。② 青城山前山比后山轻松，适合亲子；备好运动鞋和雨具。③ 青城山高铁站末班车约20:30，注意时间。④ 都江堰景区内有观光车（15元/人）可省体力。⑤ 全天通勤约2小时（含高铁），符合上限。""}, {""day"": 3, ""morning"": ""宽窄巷子 - 早餐后从住宿地打车或地铁4号线宽窄巷子站。免费。逛明清古街区，看川西院落，尝三大炮、糖油果子等小吃（人均30元）。拍照打卡，体验采耳（30元/人，孩子可看不宜采）。游玩1.5-2小时。"", ""afternoon"": ""人民公园+鹤鸣茶社 - 从宽窄巷子步行10分钟即到（过街即达）。公园免费，鹤鸣茶社盖碗茶（15-30元/人），给孩子点银耳汤或酸梅汤，体验成都慢生活。可划船（20元/人），看保路运动纪念碑。游玩2小时左右。"", ""evening"": ""九眼桥/合江亭夜景+晚餐 - 从人民公园打车约15分钟/20元，或地铁2号线牛王庙站。免费看廊桥夜景，沿江散步。晚餐在九眼桥附近吃川菜或串串（人均70元），饭后可去兰桂坊酒吧街感受氛围（带孩子不适合进酒吧，可江边看夜景）。"", ""notes"": ""① 宽窄巷子和人民公园很近，步行即可，不要打车浪费钱。② 鹤鸣茶社人很多，早点去占位，茶座收费含续水；孩子可买公园里的糖画。③ 九眼桥晚上人多，看管好孩子，江边无护栏处注意安全。④ 今日通勤总计约30分钟，非常轻松。⑤ 三天总费用约2500-3000元/人（不含住宿），符合预算。""}]}"
12,3,老年慢游,2500左右,"{""days"": [{""day"": 1, ""morning"": ""成都大熊猫繁育研究基地 - 早上7:30从市区打车或乘地铁3号线到熊猫大道站（约40分钟，费用约50元/车或地铁5元/人），门票55元/人（60岁以上免票）。熊猫上午活跃，建议早到避开人流，游览约3小时。"", ""afternoon"": ""武侯祠和锦里 - 从熊猫基地打车至武侯祠（约50分钟，费用约60元/车），午餐在锦里附近吃担担面、三大炮（人均30元）。武侯祠门票50元/人（60岁以上免票），游览约1.5小时，随后步行至隔壁锦里古街免费游览，体验川西民俗和茶馆，约2小时。"", ""evening"": ""春熙路/IFS/太古里 - 从锦里打车至春熙路（约20分钟，费用约20元/车），晚餐在太古里附近吃龙抄手或钟水饺（人均40元），欣赏IFS熊猫爬墙和太古里夜景，散步约1.5小时，然后打车回酒店（约15分钟，费用约15元）。"", ""notes"": ""熊猫基地请务必早去，下午熊猫睡觉；武侯祠和锦里门票可凭证件享受优惠；春熙路人多注意保管财物，晚餐避开网红店排队，选择老字号分店。""}, {""day"": 1, ""morning"": ""成都大熊猫繁育研究基地 - 早上7:30从市区打车或乘地铁3号线到熊猫大道站（约40分钟，费用约50元/车或地铁5元/人），门票55元/人（60岁以上免票）。熊猫上午活跃，建议早到避开人流，游览约3小时。"", ""afternoon"": ""武侯祠和锦里 - 从熊猫基地打车至武侯祠（约50分钟，费用约60元/车），午餐在锦里附近吃担担面、三大炮（人均30元）。武侯祠门票50元/人（60岁以上免票），游览约1.5小时，随后步行至隔壁锦里古街免费游览，体验川西民俗和茶馆，约2小时。"", ""evening"": ""春熙路/IFS/太古里 - 从锦里打车至春熙路（约20分钟，费用约20元/车），晚餐在太古里附近吃龙抄手或钟水饺（人均40元），欣赏IFS熊猫爬墙和太古里夜景，散步约1.5小时，然后打车回酒店（约15分钟，费用约15元）。"", ""notes"": ""熊猫基地请务必早去，下午熊猫睡觉；武侯祠和锦里门票可凭证件享受优惠；春熙路人多注意保管财物，晚餐避开网红店排队，选择老字号分店。""}, {""day"": 2, ""morning"": ""都江堰景区 - 早上8:00从成都市区乘地铁2号线到犀浦站，换乘城际列车至离堆公园站（约30分钟，票价10元/人），出站步行5分钟到景区。门票80元/人（60岁以上免票），游览鱼嘴、飞沙堰、宝瓶口，约2.5小时。"", ""afternoon"": ""青城山（前山） - 午餐在都江堰景区附近吃尤兔头或老腊肉（人均35元），餐后从都江堰景区打车至青城山景区（约20分钟，费用约30元/车），门票80元/人（60岁以上免票），坐索道（往返60元/人）上山，游览上清宫、天师洞，约3小时。"", ""evening"": ""返回成都市区 - 下午5:00从青城山景区打车至青城山站（约15分钟，费用约20元/车），乘城际列车回成都犀浦站（约30分钟，票价10元/人），再换乘地铁回市区酒店（约30分钟，费用约5元）。晚餐在酒店附近吃豆花饭或蹄花汤（人均30元），早点休息。"", ""notes"": ""都江堰和青城山行程较紧，建议包车或跟团一日游（费用约200元/人含车和导游），老人可减少步行；青城山索道可节省体力，但部分台阶仍需小心；带好雨具和零食，山区天气多变。""}, {""day"": 2, ""morning"": ""都江堰景区 - 早上8:00从成都市区乘地铁2号线到犀浦站，换乘城际列车至离堆公园站（约30分钟，票价10元/人），出站步行5分钟到景区。门票80元/人（60岁以上免票），游览鱼嘴、飞沙堰、宝瓶口，约2.5小时。"", ""afternoon"": ""青城山（前山） - 午餐在都江堰景区附近吃尤兔头或老腊肉（人均35元），餐后从都江堰景区打车至青城山景区（约20分钟，费用约30元/车），门票80元/人（60岁以上免票），坐索道（往返60元/人）上山，游览上清宫、天师洞，约3小时。"", ""evening"": ""返回成都市区 - 下午5:00从青城山景区打车至青城山站（约15分钟，费用约20元/车），乘城际列车回成都犀浦站（约30分钟，票价10元/人），再换乘地铁回市区酒店（约30分钟，费用约5元）。晚餐在酒店附近吃豆花饭或蹄花汤（人均30元），早点休息。"", ""notes"": ""都江堰和青城山行程较紧，建议包车或跟团一日游（费用约200元/人含车和导游），老人可减少步行；青城山索道可节省体力，但部分台阶仍需小心；带好雨具和零食，山区天气多变。""}, {""day"": 3, ""morning"": ""宽窄巷子和人民公园鹤鸣茶社 - 早上9:00从市区打车或步行至宽窄巷子（免费），游览约1小时，然后步行10分钟至人民公园，在鹤鸣茶社喝盖碗茶（每人约20元），体验老成都慢生活，约1.5小时。"", ""afternoon"": ""杜甫草堂或文殊院（二选一） - 午餐在人民公园附近吃钟水饺或赖汤圆（人均25元），餐后打车至杜甫草堂（约15分钟，费用约15元/车），门票50元/人（60岁以上免票），游览约2小时；或选择免费文殊院（打车约10分钟，费用约12元/车），参观寺庙和禅茶。"", ""evening"": ""九眼桥或合江亭夜景 - 晚餐在文殊院附近吃素斋或火锅（人均50元），餐后打车至九眼桥（约20分钟，费用约20元/车），散步欣赏府河夜景和酒吧街（不消费），约1小时，然后打车回酒店（约20分钟，费用约20元）。"", ""notes"": ""宽窄巷子游客多，注意台阶；鹤鸣茶社建议坐湖边，自带瓜子更实惠；杜甫草堂和文殊院选择一处即可，避免疲劳；晚上九眼桥酒吧街热闹但嘈杂，老人可只在河边散步。""}, {""day"": 3, ""morning"": ""宽窄巷子和人民公园鹤鸣茶社 - 早上9:00从市区打车或步行至宽窄巷子（免费），游览约1小时，然后步行10分钟至人民公园，在鹤鸣茶社喝盖碗茶（每人约20元），体验老成都慢生活，约1.5小时。"", ""afternoon"": ""杜甫草堂或文殊院（二选一） - 午餐在人民公园附近吃钟水饺或赖汤圆（人均25元），餐后打车至杜甫草堂（约15分钟，费用约15元/车），门票50元/人（60岁以上免票），游览约2小时；或选择免费文殊院（打车约10分钟，费用约12元/车），参观寺庙和禅茶。"", ""evening"": ""九眼桥或合江亭夜景 - 晚餐在文殊院附近吃素斋或火锅（人均50元），餐后打车至九眼桥（约20分钟，费用约20元/车），散步欣赏府河夜景和酒吧街（不消费），约1小时，然后打车回酒店（约20分钟，费用约20元）。"", ""notes"": ""宽窄巷子游客多，注意台阶；鹤鸣茶社建议坐湖边，自带瓜子更实惠；杜甫草堂和文殊院选择一处即可，避免疲劳；晚上九眼桥酒吧街热闹但嘈杂，老人可只在河边散步。""}]}"
13,3,美食深度,2000左右,"{""days"": [{""day"": 1, ""morning"": ""成都大熊猫繁育研究基地 - 7:30开门即入，看熊猫进食玩耍（最活跃时段）。地铁3号线熊猫大道站D口出，换乘景区直通车或打车（约15元/人），门票55元/人。游览约3小时。"", ""afternoon"": ""武侯祠 + 锦里 - 武侯祠（门票50元）与锦里一墙之隔，先逛武侯祠（红墙竹影、三国文化），约1.5小时；后直接步入锦里古街，午餐在锦里内吃钵钵鸡、三大炮、糖油果子（人均40元）。从熊猫基地打车至武侯祠约40元/车或乘景区直通车（10元/人）。"", ""evening"": ""春熙路/IFS/太古里 - 傍晚从锦里乘地铁3号线至春熙路站（2元）。打卡IFS爬墙熊猫，逛太古里街区，晚餐在太古里附近吃火锅（推荐：小龙坎或蜀大侠，人均100-120元），夜景观赏裸眼3D大屏。"", ""notes"": ""熊猫基地务必赶早，9点后熊猫可能睡觉；锦里小吃偏游客化，浅尝即可，正餐留到春熙路；穿舒适平底鞋，当日步行量较大。""}, {""day"": 1, ""morning"": ""成都大熊猫繁育研究基地 - 7:30开门即入，看熊猫进食玩耍（最活跃时段）。地铁3号线熊猫大道站D口出，换乘景区直通车或打车（约15元/人），门票55元/人。游览约3小时。"", ""afternoon"": ""武侯祠 + 锦里 - 武侯祠（门票50元）与锦里一墙之隔，先逛武侯祠（红墙竹影、三国文化），约1.5小时；后直接步入锦里古街，午餐在锦里内吃钵钵鸡、三大炮、糖油果子（人均40元）。从熊猫基地打车至武侯祠约40元/车或乘景区直通车（10元/人）。"", ""evening"": ""春熙路/IFS/太古里 - 傍晚从锦里乘地铁3号线至春熙路站（2元）。打卡IFS爬墙熊猫，逛太古里街区，晚餐在太古里附近吃火锅（推荐：小龙坎或蜀大侠，人均100-120元），夜景观赏裸眼3D大屏。"", ""notes"": ""熊猫基地务必赶早，9点后熊猫可能睡觉；锦里小吃偏游客化，浅尝即可，正餐留到春熙路；穿舒适平底鞋，当日步行量较大。""}, {""day"": 2, ""morning"": ""都江堰景区 - 7:30从成都出发，乘地铁2号线至犀浦站（约40分钟，6元），换乘城际列车至离堆公园站（约30分钟，10元），出站步行5分钟即到。门票80元。游览鱼嘴、飞沙堰、宝瓶口，约3小时。"", ""afternoon"": ""青城山（前山） - 午餐在都江堰市区吃尤兔头或老字号串串（人均50元）。乘101路公交或打车至青城山景区（约30分钟，打车约30元/车），门票80元。乘索道+步行游览前山道观群（约3小时）。"", ""evening"": ""返回成都市区 - 从青城山站乘城际列车回犀浦（约30分钟，10元），转地铁回市区。晚餐在宽窄巷子附近吃老妈蹄花、夫妻肺片等成都名小吃（人均50元）。"", ""notes"": ""青城山前山台阶多，建议穿登山鞋或防滑鞋；都江堰景区内可请讲解员或租电子导览（20元），了解水利工程原理更值回票价；城际列车票建议提前在12306购买，避免无座。""}, {""day"": 3, ""morning"": ""人民公园鹤鸣茶社 - 9:30到人民公园，体验成都盖碗茶（竹椅+绿茶，约20元/人），观看采耳（约30元），感受市井慢生活。地铁2号线人民公园站直达。"", ""afternoon"": ""宽窄巷子 - 从人民公园步行10分钟至宽窄巷子。午餐在宽巷子吃伤心凉粉、担担面、蛋烘糕（人均40元）。逛宽窄井三条巷子，看川西民居建筑，可买些花椒、豆瓣酱作伴手礼。"", ""evening"": ""九眼桥酒吧街或建设路小吃街 - 晚餐选建设路小吃街（地铁6号线电子科大建设北路站），吃烤苕皮、降龙爪爪、冰粉（人均60元）；或选九眼桥（地铁2号线牛王庙站），沿河看夜景+小酒馆听民谣（人均80元）。"", ""notes"": ""鹤鸣茶社人较多，可拼桌；宽窄巷子内小吃偏贵，推荐在旁边的奎星楼街吃正餐；建设路小吃街排队较长，建议两人分工排队；当日行程轻松，适合慢慢逛。""}]}"
14,5,深度游,4000左右,"{""days"": [{""day"": 1, ""morning"": ""成都大熊猫繁育研究基地 - 7:30开门即入园（熊猫上午最活跃），地铁3号线熊猫大道站D口出换乘景区直通车或打车约15元，门票55元，建议游览3小时"", ""afternoon"": ""东郊记忆 - 从熊猫基地打车约30元/30分钟，工业风文创园区，免费，适合拍照和喝咖啡，游览2小时；随后地铁8号线至春熙路（约20分钟）"", ""evening"": ""春熙路/IFS/太古里 - 春熙路地铁站直达，看IFS熊猫爬墙、太古里夜景，晚餐在太古里附近吃烤匠麻辣烤鱼或马旺子川菜馆，人均100元，免费逛街"", ""notes"": ""熊猫基地务必赶早，9点后旅行团涌入排队严重；园区内观光车10元可坐，但步行也不远；东郊记忆可缩短时间，若精力不足可改为直接回酒店休息""}, {""day"": 2, ""morning"": ""武侯祠 - 地铁3号线高升桥站D口步行10分钟，门票50元，红墙竹影和三国文化，游览2小时；出口直接进锦里"", ""afternoon"": ""锦里 - 与武侯祠一墙之隔，免费，午餐在锦里内吃三大炮、钵钵鸡、伤心凉粉等小吃，人均50元，游览2小时；下午3点前结束，打车回市区约20元"", ""evening"": ""九眼桥/合江亭 - 从锦里打车约25元/20分钟，傍晚沿锦江散步，看廊桥夜景，酒吧街小坐或吃火锅（推荐旁边的蜀大侠），人均120元"", ""notes"": ""武侯祠和锦里连逛，锦里小吃偏游客价，浅尝即可；九眼桥酒吧拉客严重，不消费就明确拒绝；晚餐火锅建议提前线上排号""}, {""day"": 3, ""morning"": ""都江堰景区 - 从成都犀浦站乘城际列车C字头至离堆公园站（约30分钟，票价10元），出站步行即到，门票80元，游览鱼嘴、飞沙堰、宝瓶口，约3小时；午餐在景区附近吃尤兔头或老字号钟鸭子，人均60元"", ""afternoon"": ""青城山（前山） - 从都江堰景区打车至青城山快铁站（约20元），乘景区观光车到山门，门票80元+观光车20元，徒步游览月城湖、上清宫、老君阁，约3小时；下山后乘快铁返回成都市区（约40分钟，票价10元）"", ""evening"": ""返回市区后，在住地附近吃一碗地道的担担面或肥肠粉（人均20元），早点休息恢复体力"", ""notes"": ""都江堰+青城山必须一整天，建议早上7:30前到犀浦站避开人流；青城山前山道观多、路好走，后山更野但时间不够；穿舒适运动鞋，带雨具（山区天气多变）；青城山索道单程35元，体力差可坐""}, {""day"": 4, ""morning"": ""金沙遗址博物馆 - 地铁7号线金沙博物馆站C口直达，门票70元，看太阳神鸟金箔和千年乌木林，游览2.5小时，建议租讲解器或请人工讲解（额外50元）"", ""afternoon"": ""杜甫草堂 - 从金沙打车约15元/15分钟，门票50元，感受诗圣故居的竹林茅屋，游览2小时；随后步行至浣花溪公园（免费）散步；下午4点左右打车去宽窄巷子（约15元）"", ""evening"": ""宽窄巷子+人民公园鹤鸣茶社 - 先逛宽窄巷子（免费，约1小时），再步行10分钟到人民公园鹤鸣茶社，喝盖碗茶（15-30元/杯），体验采耳（约50元），晚餐在人民公园附近吃钟水饺或龙抄手（人均40元）"", ""notes"": ""金沙博物馆人少但很震撼，太阳神鸟一定要看；鹤鸣茶社下午4-5点人相对少，傍晚坐竹椅喝茶最舒服；采耳认准穿统一服装的师傅，价格事先谈好""}, {""day"": 5, ""morning"": ""文殊院 - 地铁1号线文殊院站K口步行5分钟，免费，烧香祈福，逛文殊坊古街，吃宫廷糕点铺的桃酥和凉糕（人均20元），游览2小时"", ""afternoon"": ""望平街/猛追湾 - 从文殊院打车约10元/10分钟，沿府河边的咖啡街漫步，打卡几何书店和网红小店，免费；下午3点左右结束行程，根据返程时间决定是否回酒店取行李"", ""evening"": ""（最后一天晚上若未返程）可去建设路小吃街 - 地铁6号线建设北路站C口，吃烤苕皮、蛋烘糕、糖油果子等，人均40元；若当天返程则此时段留作机动"", ""notes"": ""文殊院免费上香，但请香需付费，随缘即可；宫廷糕点铺排队很长但值得，建议多买几盒带走；望平街适合拍照，咖啡价格偏高但环境不错；返程当天注意预留1小时去机场/车站的时间""}], ""预算参考"": ""5天总花费约3500-4200元/人（含门票约500元、市内交通约200元、餐饮约800元、住宿约1200元（按400元/晚）、城际交通约40元，不含往返大交通）""}"
15,5,亲子家庭,5000左右,"{""days"": [{""day"": 1, ""morning"": ""成都大熊猫繁育研究基地 - 7:30前抵达门口（打车约40元，或地铁3号线熊猫大道站+接驳车2元），直奔幼年熊猫别墅看滚滚打架爬树；建议提前7天公众号购票（55元/人，儿童免票），观光车10元/人（只坐单程到月亮产房），游玩3小时"", ""afternoon"": ""东郊记忆 - 从熊猫基地打车约25元/30分钟，午餐在园区内‘熊猫咖啡’简餐（人均40元），逛老厂房改造的工业风艺术区，打卡火车头广场、红砖墙涂鸦，孩子可玩‘活字印刷体验’（30元/人），逗留2小时"", ""evening"": ""春熙路/IFS/太古里 - 地铁8号线东郊记忆→春熙路（约20分钟，3元），晚餐太古里‘柴门饭儿’（人均80元，推荐樱桃肉、糖油果子），饭后看IFS熊猫爬墙正面+裸眼3D大屏，逛方所书店儿童区，夜景灯光下拍大慈寺红墙剪影"", ""notes"": ""熊猫基地务必赶早，9点后熊猫睡觉；园区内不要投喂自带食物；IFS顶楼熊猫拍照需排队20分钟，可让爸爸排队妈妈带娃逛周边；春熙路地铁站出口多，认准D口离熊猫爬墙最近""}, {""day"": 2, ""morning"": ""武侯祠 - 9:00开门即入（地铁3号线高升桥站D口步行5分钟，门票50元/人，儿童半价），先逛惠陵和三义庙，重点看‘攻心联’和唐碑；园区有免费讲解器（押金200），孩子可租‘三国闯关手册’（20元）边找边学，游玩2小时"", ""afternoon"": ""锦里古街 - 从武侯祠侧门直接进锦里（无需门票），午餐在锦里‘三大炮’‘张飞牛肉’‘钵钵鸡’（人均50元），逛戏台看变脸表演（下午场30元/人），给娃买糖画（15元）和吹糖人（20元），找‘熊猫邮局’寄明信片，逗留2.5小时"", ""evening"": ""九眼桥合江亭夜景 - 从锦里打车约15元/10分钟，沿府南河步道散步，看廊桥灯光倒影，晚餐在合江亭附近‘院8里’（人均70元，推荐锅边馍、酸菜鱼），饭后乘游船夜游锦江（120元/人，1小时，儿童半价）"", ""notes"": ""武侯祠和锦里连在一起，先祠后市；锦里小吃偏游客价，建议浅尝辄止；夜游船票提前在美团买，选19:30那班人少；带驱蚊水，河边蚊子多""}, {""day"": 3, ""morning"": ""都江堰景区 - 7:30从成都出发（地铁2号线犀浦站→城际列车→离堆公园站，约40分钟，票价10元/人，需提前12306购票），入园后直接坐观光车（10元）到鱼嘴，看岷江分水，走安澜索桥（摇摇晃晃孩子最爱），爬二王庙俯瞰全貌，游玩3小时"", ""afternoon"": ""青城山（前山） - 都江堰景区门口打车到青城山快铁站约20元，乘城际列车1站到青城山站（5元/人），午餐在景区门口‘青城山老腊肉’（人均40元），乘观光车（往返20元）到山门，走左手月城湖步道（索道往返60元/人），登老君阁看云雾，游玩3小时"", ""evening"": ""返回成都市区 - 青城山站乘城际列车回犀浦（约30分钟，10元），再转地铁2号线回市区，晚餐在犀浦地铁站旁‘川西坝子火锅’（人均80元，有儿童套餐和玩具），饭后打车回酒店（约15元）"", ""notes"": ""都江堰和青城山必须一天，体力消耗大，建议给孩子带零食和水；索道下午4点半停运，务必3点前上山；城际列车票提前1天买，往返都买好；穿防滑运动鞋，安澜索桥人多会晃，牵好孩子""}, {""day"": 4, ""morning"": ""金沙遗址博物馆 - 9:00开馆即入（地铁7号线一品天下站转2号线，或打车约20元，门票70元/人，儿童半价），先看遗迹馆的象牙坑和古树根，再看陈列馆的太阳神鸟金箔、金面具，租讲解器（20元）或请人工讲解（100元），孩子可参加‘考古小体验’（免费，需提前预约），游玩2.5小时"", ""afternoon"": ""杜甫草堂 - 从金沙打车约15元/15分钟，门票50元/人（儿童半价），午餐在草堂北门‘陈麻婆豆腐’（人均60元，推荐麻婆豆腐、回锅肉），逛茅屋故居、红墙竹影，秋天可捡银杏叶做书签，游玩2小时"", ""evening"": ""宽窄巷子+人民公园鹤鸣茶社 - 从草堂打车约12元到人民公园，先喝盖碗茶（竹椅20元/杯，给孩子点银耳汤10元），看采耳（30元/人），再步行10分钟到宽窄巷子，晚餐在窄巷子‘见山书院’（人均70元，推荐甜水面、蛋烘糕），饭后逛文创店看川剧变脸（80元/人）"", ""notes"": ""金沙和草堂都是园林，下午草堂蚊子多；鹤鸣茶社下午4点后人少，选湖边长廊位置；宽窄巷子比锦里更文艺，但小吃更贵，建议只吃正餐；变脸表演选7点半那场，孩子坐前排可能被吐火吓到""}, {""day"": 5, ""morning"": ""成都博物馆 - 9:00开门（地铁1号线天府广场站西1出口，免费但需提前公众号预约），带娃直奔2楼‘花重锦官城’展厅看皮影戏和木偶，5楼有‘人与自然’动物标本展（孩子最爱），租儿童语音导览（免费），游玩2.5小时"", ""afternoon"": ""人民南路天府广场 - 从成博步行3分钟，午餐在广场地下‘今站购物中心’美食街（人均40元，推荐钟水饺、龙抄手），饭后看毛主席像，逛广场喂鸽子（买玉米粒5元），拍四川科技馆外观（不进去），然后回酒店取行李，打车去机场/高铁站（约60元/40分钟）"", ""evening"": ""返程 - 根据航班/车次时间，提前2小时到达机场/东站，在候机厅买‘王妈手撕烤兔’（真空包装，约50元/只）和‘张飞牛肉’（30元/袋）作伴手礼；如果时间充裕，可在东站旁‘鹏瑞利广场’吃最后一顿‘冒椒火辣’冷锅串串（人均60元）"", ""notes"": ""成博周一闭馆，若第5天恰逢周一则改为去四川博物院（同样免费）；天府广场喂鸽子不要让孩子追太近，鸽子会飞扑；返程预留1小时堵车缓冲；成都机场安检需单独取出充电宝，提前放随身包外层""}]}"
16,5,情侣度假,5000左右,"{""days"": [{""day"": 1, ""morning"": ""成都大熊猫繁育研究基地 - 打车或地铁3号线熊猫大道站转接驳车，约50元/人，门票55元/人，7:30开园直奔月亮产房看幼崽，9点前熊猫最活跃"", ""afternoon"": ""东郊记忆 - 从熊猫基地打车约30元，免费入园，工业风红砖厂房+涂鸦墙，适合情侣拍照，逛2小时，累了在园区咖啡馆歇脚"", ""evening"": ""春熙路/IFS/太古里 - 地铁3号线春熙路站，约4元/人，看IFS熊猫爬墙，逛太古里裸眼3D屏，晚餐在太古里附近吃烤匠烤鱼，人均100元，夜景灯光下散步超浪漫"", ""notes"": ""熊猫基地务必早去，下午熊猫睡觉；穿舒适运动鞋，园区较大；春熙路商圈人多，注意保管手机钱包""}, {""day"": 2, ""morning"": ""武侯祠 - 地铁3号线高升桥站D口步行10分钟，门票50元/人，红墙竹影是经典情侣拍照点，9点开门人少清静，逛1.5小时"", ""afternoon"": ""锦里古街 - 武侯祠旁步行2分钟，免费，中午在锦里小吃街解决午餐（三大炮、钵钵鸡人均40元），下午逛茶馆、看变脸表演（茶馆茶位30元/人），买点熊猫玩偶伴手礼"", ""evening"": ""九眼桥酒吧街 - 打车约15元，沿河找家清吧坐坐，人均80元含饮品，夜景灯光倒映在府南河上，适合微醺散步回酒店"", ""notes"": ""武侯祠和锦里紧挨着，别安排分开；锦里小吃偏贵，尝鲜即可；九眼桥酒吧拉客多，选安静清吧别进闹吧""}, {""day"": 3, ""morning"": ""宽窄巷子 - 地铁4号线宽窄巷子站，免费，清晨人少适合拍青砖黛瓦，逛特色院落，吃糖油果子（10元/份），三个巷子（宽、窄、井）全走完约2小时"", ""afternoon"": ""人民公园鹤鸣茶社 - 步行10分钟，免费进园，喝茶15-30元/人，点杯盖碗茶配钟水饺（人均30元），体验成都慢生活，看当地人掏耳朵（30元/次），坐竹椅发呆2小时"", ""evening"": ""蜀风雅韵川剧表演 - 在文化公园内，从鹤鸣茶社步行5分钟，门票150元/人（情侣座），看变脸、吐火、手影戏，演出约90分钟，结束后打车回酒店约20元"", ""notes"": ""宽窄巷子小吃贵且一般，建议只拍照；鹤鸣茶社下午人满为患，尽量2点前到占湖边位置；川剧票提前在美团买有折扣""}, {""day"": 4, ""morning"": ""都江堰景区 - 从成都犀浦站坐城际列车到离堆公园站（约30元/人，30分钟），出站步行10分钟即到，门票80元/人，重点看鱼嘴、飞沙堰、宝瓶口，走安澜索桥，约3小时"", ""afternoon"": ""青城山（前山） - 从都江堰打车到青城山景区约40元，门票80元/人，坐索道上山（单程35元/人），逛天师洞、上清宫，感受道教仙山清幽，下山约2.5小时，注意末班高铁回成都（离堆公园站-犀浦站，约18:30前）"", ""evening"": ""建设路小吃街 - 从犀浦站打车回市区约40元，或地铁2号线转6号线到建设北路站，人均50元吃烤苕皮、鸡翅包饭、糖油果子，烟火气十足"", ""notes"": ""都江堰+青城山行程较紧，建议早上7点出发；青城山前山台阶多，穿防滑鞋；务必提前买好回成都的高铁票（最晚18:30那班），否则打车回市区要150+元""}, {""day"": 5, ""morning"": ""文殊院 - 地铁1号线文殊院站K口，免费，清晨香火旺盛，拜佛祈福，在院内茶园喝早茶（10元/人），逛文殊坊古街区，买宫廷糕点（闻酥园，人均20元）"", ""afternoon"": ""望平街&猛追湾 - 打车约15元，沿府河边漫步，逛文艺小店和咖啡馆，在香香巷吃地道川菜（人均60元），看老成都河畔生活，慢悠悠消磨下午时光"", ""evening"": ""339天府熊猫塔 - 步行10分钟，登塔观光票80元/人，俯瞰成都夜景，塔下吃旋转餐厅自助餐（人均200元，可选），或塔下滨河路散步看灯光秀，结束旅程"", ""notes"": ""文殊院门口有算命的，别搭理；望平街咖啡馆下午人多，想拍照早点去；339塔上风大，带件薄外套；最后一天别安排太累，留点体力赶飞机/高铁""}]}"
17,5,文化历史,3500左右,"{""days"": [{""day"": 1, ""morning"": ""成都大熊猫繁育研究基地 - 地铁3号线到熊猫大道站转景区直通车（车费约2+2元），门票55元。上午7:30开门即入，先看幼年熊猫活动，避开旅行团高峰。游览约3小时。"", ""afternoon"": ""文殊院 - 从熊猫基地打车约40元（或乘熊猫快线3号线到文殊院站，车费10元）。免费。游览1.5小时，感受川西古刹宁静，可品尝附近洞子口张凉粉（甜水面、凉粉约15元）。"", ""evening"": ""春熙路/IFS/太古里 - 地铁4号线从文殊院到市二医院转3号线到春熙路（车费2元）。免费。打卡IFS爬墙熊猫，逛太古里大慈寺夜景，晚餐在太古里附近吃马旺子川菜馆（人均约80元）。"", ""notes"": ""看熊猫务必早去，9点后熊猫进室内睡觉。文殊院门口有掏耳朵服务（30元），可体验。春熙路商圈吃饭贵，可走远点到龙王庙正街吃苍蝇馆子。""}, {""day"": 2, ""morning"": ""武侯祠 - 地铁3号线到高升桥站D口步行500米（车费2元），门票50元。建议请讲解或租语音导览（20元），重点看刘备殿、诸葛亮殿、三义庙，约2小时。"", ""afternoon"": ""锦里 - 与武侯祠一墙之隔，免费。午餐在锦里小吃街解决（三大炮、钵钵鸡等约40元）。下午逛古街、看变脸表演（茶馆门票约30元含茶），体验川西民俗。"", ""evening"": ""九眼桥合江亭 - 从锦里打车约15元（或公交82路，车费2元）。免费。沿府河夜游，看廊桥夜景，在河边酒吧街小坐（饮品约35元），或步行至川大望江校区附近吃冷锅鱼（人均50元）。"", ""notes"": ""武侯祠红墙夹道拍照人多，建议上午开馆就进。锦里小吃普遍偏贵且口味一般，建议少买多尝。九眼桥酒吧拉客严重，不消费直接走即可。""}, {""day"": 3, ""morning"": ""都江堰景区 - 地铁2号线到犀浦站换乘城际列车C字头到离堆公园站（车票10元，车程30分钟）。门票80元。从离堆公园站步行5分钟进景区，先看鱼嘴分水堤、飞沙堰、宝瓶口，约3小时。"", ""afternoon"": ""青城山前山 - 从都江堰景区打车至青城山快铁站（约20元），乘景区观光车（往返20元）到山门。门票80元。乘索道（单程35元）上至上清宫，步行下山看天师洞、建福宫，约3.5小时。"", ""evening"": ""返回成都市区 - 从青城山快铁站乘C字头城际列车回犀浦（车票10元），转地铁2号线回市区（车票2元）。晚餐在犀浦地铁站附近吃郫县豆瓣鱼（人均40元）。"", ""notes"": ""都江堰和青城山必须一天走完，体力消耗大，穿舒适运动鞋。青城山索道下午5点停运，务必控制时间。自带干粮和水，山上物价贵一倍。回程末班城际列车约21:00，别错过。""}, {""day"": 4, ""morning"": ""金沙遗址博物馆 - 地铁7号线到金沙博物馆站C口（车费2元），门票70元。重点看遗迹馆（大型祭祀区发掘现场）和陈列馆（太阳神鸟金饰、金面具），约3小时。"", ""afternoon"": ""杜甫草堂 - 从金沙博物馆打车约15元（或公交1024路转82路，车费2元）。门票50元。游茅屋旧址、大雅堂、红墙夹道，参观约2小时。可在草堂北门喝盖碗茶休息（15元）。"", ""evening"": ""宽窄巷子 - 从草堂打车约12元（或公交58路，车费2元）。免费。晚上逛宽窄巷子看夜景，在窄巷子听民谣（酒吧低消约40元），晚餐在井巷子吃成都小吃套餐（约35元）。"", ""notes"": ""金沙遗址周一闭馆（法定假日除外），注意避开。杜甫草堂与浣花溪公园连通，可顺逛。宽窄巷子商业化重，购物砍价对半。晚上人流量大，注意保管财物。""}, {""day"": 5, ""morning"": ""人民公园鹤鸣茶社 - 地铁2号线到人民公园站A口（车费2元）。免费进园，茶座费约20元/杯（含无限续水）。体验成都慢生活，采耳（50元）、看报、打牌，约2小时。"", ""afternoon"": ""成都博物馆 - 从人民公园步行500米（免费）。免费需预约（微信搜成都博物馆）。重点看先秦至南北朝展厅（皮影、蜀锦），约2.5小时。可在博物馆负一层吃川博咖啡简餐（30元）。"", ""evening"": ""九眼桥或玉林路（根据返程时间灵活） - 若晚班机/火车，可去玉林路小酒馆（地铁1号线倪家桥站，车费2元），听民谣喝啤酒（人均40元）。若早返程，则直接在春熙路IFS负一层买手信（灯影牛肉、张飞牛肉约50元）。"", ""notes"": ""鹤鸣茶社上午人少清静，体验最佳。成博需提前1-3天预约，周一闭馆。最后一天注意返程时间，玉林路不适合赶车游客。预算剩余建议购买蜀锦书签或熊猫玩偶。""}]}"
18,7,全景游,6000左右,"{""days"": [{""day"": 1, ""morning"": ""成都大熊猫繁育研究基地 - 早上7:30从市区打车或乘坐景区直通车（约30分钟，车费30-50元）抵达，门票55元。务必在上午9点前入园，观看熊猫进食和活动的最佳时段。建议乘坐园区内电瓶车（10元）直达月亮产房，再步行下山游览。"", ""afternoon"": ""东郊记忆 - 从熊猫基地打车前往（约40分钟，车费40元），免费入园。这里是原国营红光电子管厂改造的工业风艺术区，适合拍照打卡，可参观各类艺术展览和文创小店。下午人少清净，可悠闲漫步。"", ""evening"": ""春熙路/IFS/太古里 - 从东郊记忆乘地铁8号线转2号线至春熙路站（约30分钟，车费4元）。在IFS楼顶与爬墙大熊猫合影，逛太古里开放式街区，感受时尚与古韵交融。晚餐可在大慈寺附近选择川菜馆或火锅，人均80-120元。"", ""notes"": ""熊猫基地一定要赶早，7:30开门就冲，否则9点后熊猫进室内就看不到了。园区内餐饮较贵，建议自带干粮和水。春熙路商圈骗子较多，不要理会陌生人搭讪推销。""}, {""day"": 2, ""morning"": ""武侯祠 - 上午9点从市区乘地铁3号线至高升桥站（约20分钟，车费3元），步行5分钟到达。门票50元。参观刘备、诸葛亮等蜀汉英雄的纪念地，感受三国文化。建议请讲解或租电子导览器（20元），深入了解历史背景。"", ""afternoon"": ""锦里古街 - 武侯祠侧门直通锦里，无需额外交通。免费进入。午餐直接在锦里解决，品尝三大炮、钵钵鸡、糖油果子等小吃（人均40-60元）。下午逛古街、看川剧变脸表演（茶馆门票约30-50元含茶座），感受成都民俗风情。"", ""evening"": ""九眼桥酒吧街 - 从锦里打车前往（约15分钟，车费15元）。沿着府河散步，欣赏夜景，选择一家清吧或民谣酒吧坐坐，小酌一杯（人均50-80元）。也可选择在附近吃冷淡杯或烧烤（人均60-100元）。"", ""notes"": ""武侯祠和锦里是连在一起的，但锦里越晚人越多，建议下午逛完武侯祠后趁人少时快速逛完锦里主街。锦里小吃偏游客化，想吃地道的可去旁边肖家河片区。九眼桥酒吧注意提前问清价格避免被宰。""}, {""day"": 3, ""morning"": ""宽窄巷子 - 上午9点从市区乘地铁4号线至宽窄巷子站（约15分钟，车费2元）。免费进入。由宽巷子、窄巷子、井巷子组成，是清代古街区。早晨游客较少，适合拍照，可参观恺庐、拴马石等历史遗迹。"", ""afternoon"": ""人民公园鹤鸣茶社 - 从宽窄巷子步行约10分钟即达。免费进公园，茶座费每人20-50元（盖碗茶）。在这里体验成都最地道的坝坝茶文化，掏耳朵（30-50元）、晒太阳、发呆。午餐可在公园内钟水饺总店吃龙抄手、钟水饺等成都名小吃（人均30-40元）。"", ""evening"": ""天府广场/四川科技馆 - 从人民公园步行约15分钟到达。天府广场是成都市中心地标，可看毛主席像和音乐喷泉（晚上8点）。四川科技馆免费（需提前公众号预约），适合傍晚进去逛1小时。晚餐可在广场地下美食城解决（人均30-50元）。"", ""notes"": ""鹤鸣茶社下午2-4点人最多，建议上午逛完宽窄巷子后11点左右就到茶社占位子。掏耳朵师傅会主动揽客，先问清楚全套和单项价格。宽窄巷子里卖的工艺品比外面贵50%以上，不建议购买。""}, {""day"": 4, ""morning"": ""都江堰景区 - 早上7:30从成都犀浦站乘城际列车至离堆公园站（约30分钟，车费10元），出站步行5分钟即到景区。门票80元。上午重点参观鱼嘴分水堤、飞沙堰、宝瓶口三大主体工程，建议请讲解员（100元）或租电子导览（20元）了解水利原理。"", ""afternoon"": ""青城山（前山） - 从都江堰景区乘101路公交车或打车前往青城山景区（约30分钟，车费20元）。门票80元。下午游览前山，主要参观建福宫、天师洞、上清宫等道教宫观。可乘索道（往返60元）节省体力，步行下山观赏沿途石刻。"", ""evening"": ""返回成都市区 - 从青城山站乘城际列车返回成都犀浦站（约35分钟，车费10元），再换乘地铁回市区酒店（车费3-5元）。晚餐可在犀浦或市区吃蹄花汤、豆花饭等地方菜（人均40-60元）。"", ""notes"": ""这一天体力消耗大，务必穿舒适登山鞋。青城山前山道观下午5点关门，索道4:30停运，注意时间。都江堰景区内有很多野导，建议走正规导游。两景区之间车程较长，午餐可在都江堰景区外西街解决，吃腊排骨或尤兔头。""}, {""day"": 5, ""morning"": ""金沙遗址博物馆 - 上午9点从市区乘地铁7号线至金沙博物馆站（约20分钟，车费3元），步行3分钟到达。门票70元。参观太阳神鸟金箔、金面具等镇馆之宝，遗迹馆和陈列馆都值得细看。建议租讲解器（20元），游览约2.5小时。"", ""afternoon"": ""杜甫草堂 - 从金沙遗址乘公交或打车前往（约25分钟，车费20元）。门票50元。参观诗圣杜甫在成都的故居，感受“茅屋为秋风所破歌”的意境。红墙竹影非常适合拍照，可游览茅屋、大雅堂、工部祠等景点。"", ""evening"": ""琴台路/文化公园 - 从杜甫草堂打车前往琴台路（约10分钟，车费10元）。琴台路是仿古汉唐风格街区，以珠宝和川剧著名。晚餐可在琴台路吃火锅（人均80-120元），饭后步行至文化公园散步，或选择在蜀风雅韵剧场看川剧演出（门票150-220元）。"", ""notes"": ""金沙遗址和杜甫草堂都适合上午游览，光线好且人少。杜甫草堂北门出来就是浣花溪公园，可顺路一逛。琴台路珠宝店多，看看就好不要购买。蜀风雅韵演出票建议提前一天在网上预订，可便宜30-50元。""}, {""day"": 6, ""morning"": ""成都博物馆 - 上午9点从市区乘地铁1号线或2号线至天府广场站（约10分钟，车费2元），步行3分钟到达。免费（需提前公众号预约）。重点看2-3楼的成都历史展和5楼的中国皮影木偶展，了解成都从古蜀到近代的城市变迁。"", ""afternoon"": ""文殊院 - 从成都博物馆乘地铁1号线转4号线至文殊院站（约20分钟，车费3元）。免费进入。这是川西著名的佛教寺院，可上香祈福，参观唐宋时期的文物。寺院周围有香园素食（人均30-50元）和洞子口张老二凉粉（人均15元）等老字号美食。"", ""evening"": ""猛追湾/望平街 - 从文殊院打车前往（约15分钟，车费15元）。这是成都新晋的夜生活地标，沿府河两岸有大量网红餐厅、咖啡馆和酒吧。晚餐可吃二娘鸡爪爪或王大爷烧烤（人均60-80元），饭后沿河散步欣赏339电视塔夜景。"", ""notes"": ""成都博物馆周一闭馆，注意避开。周末排队较长，建议提前在公众号预约并早点到。文殊院门口有很多算命的，不要理会。下午在文殊院喝茶体验禅意比人民公园更清静，但鹤鸣茶社氛围更热闹。""}, {""day"": 7, ""morning"": ""青羊宫 - 上午9点从市区乘地铁5号线至青羊宫站（约15分钟，车费2元）。门票10元。这是川西最大的道教宫观，参观三清殿、八卦亭，感受道教文化。院内古木参天，环境清幽，可慢慢逛1小时。"", ""afternoon"": ""四川省博物院 - 从青羊宫步行约15分钟到达。免费（需提前公众号预约）。馆藏以巴蜀青铜器、张大千书画、汉代陶石艺术为特色。重点看“巴蜀青铜馆”和“张大千艺术馆”，游览约2小时。"", ""evening"": ""合江亭/兰桂坊 - 从省博物院乘公交或打车前往（约20分钟，车费15元）。合江亭是府河与南河交汇处，夜景极美。晚餐在兰桂坊或水井坊附近吃川菜或私房菜（人均80-120元），餐后沿锦江绿道散步，欣赏廊桥灯光倒影，结束成都之旅。"", ""notes"": ""青羊宫可以求签解签（10元），有兴趣可以试试。省博物院和成都博物馆二选一即可，如果时间紧张可跳过青羊宫多留时间给博物院。最后一天晚上不建议安排太累的活动，留足时间整理行李，第二天返程。""}]}"
19,7,亲子家庭,8000左右,"{""days"": [{""day"": 1, ""morning"": ""成都大熊猫繁育研究基地 - 早上7:30打车或乘地铁3号线至熊猫大道站转景区直通车到达，门票55元/人，儿童半价。务必早到，趁熊猫上午活跃时观赏，建议先乘观光车（10元/人）直达月亮产房。"", ""afternoon"": ""东郊记忆 - 从熊猫基地打车约40分钟（约50元），免费入园。工业风创意园区，适合亲子拍照、看艺术展览，有儿童游乐区。"", ""evening"": ""春熙路/IFS/太古里 - 从东郊记忆乘地铁8号线转2号线约30分钟，免费逛街。看IFS熊猫爬墙，太古里夜景灯光璀璨，晚餐可在太古里附近吃川菜或火锅，人均100元。"", ""notes"": ""熊猫基地一定要赶早，7:30开门就冲，否则熊猫睡觉就看不到了。春熙路晚上人多，注意看好孩子。""}, {""day"": 2, ""morning"": ""武侯祠 - 乘地铁3号线或打车前往，门票50元/人，儿童免票。三国文化圣地，参观刘备惠陵、诸葛亮殿，可给孩子讲三国故事。"", ""afternoon"": ""锦里古街 - 武侯祠旁步行2分钟，免费。午餐在锦里吃小吃（三大炮、钵钵鸡等，人均50元），逛古街看川剧变脸表演。"", ""evening"": ""九眼桥酒吧街 - 从锦里打车约15分钟（约20元）。夜晚的九眼桥灯光璀璨，沿河散步，看夜景，可选一家清吧听民谣，孩子可喝果汁。"", ""notes"": ""武侯祠和锦里紧挨着，半天足够。锦里人多，注意孩子安全，小吃虽多但卫生条件参差，选择正规店铺。""}, {""day"": 3, ""morning"": ""宽窄巷子 - 乘地铁4号线直达，免费。清晨人少，逛宽巷子、窄巷子、井巷子，看川西民居，可以给孩子买糖画或吹糖人。"", ""afternoon"": ""人民公园鹤鸣茶社 - 从宽窄巷子步行约10分钟，免费入园。在鹤鸣茶社喝盖碗茶（人均30元），体验成都慢生活，孩子可以喂池塘里的鱼，看采耳（30元/次）。"", ""evening"": ""建设路小吃街 - 从人民公园乘地铁2号线转6号线约40分钟，人均50元。品尝各种网红小吃（烤苕皮、糖油果子、兔头等），感受市井烟火气。"", ""notes"": ""宽窄巷子和人民公园很近，步行即可。鹤鸣茶社要早点去占位，下午人超多。建设路小吃街晚上排队严重，建议错峰。""}, {""day"": 4, ""morning"": ""都江堰景区 - 从成都市区乘坐地铁2号线到犀浦站，再换乘城际列车到离堆公园站（约1小时，票10元/人），门票80元/人。上午游览鱼嘴、飞沙堰、宝瓶口，看千年水利工程。"", ""afternoon"": ""青城山（前山） - 从都江堰景区打车约20分钟（约30元）到青城山高铁站，或直接打车到前山景区，门票80元/人，索道往返60元/人。下午登山，看道观古刹，感受自然灵气。"", ""evening"": ""返回成都市区 - 从青城山高铁站乘城际列车回犀浦（约30分钟，10元/人），再转地铁回市区。晚餐可在犀浦附近吃简餐，人均30元。"", ""notes"": ""都江堰和青城山一天往返较累，建议穿舒适运动鞋，给孩子带零食和水。城际列车班次多，但末班车约21:00，注意时间。""}, {""day"": 5, ""morning"": ""成都博物馆 - 乘地铁1号线或2号线到天府广场站，免费（需预约）。了解成都历史，有专门儿童互动区，适合亲子。"", ""afternoon"": ""四川科技馆 - 就在博物馆旁边，步行3分钟，免费（需预约）。孩子可以体验各种科学互动装置，玩上半天。"", ""evening"": ""天府广场周边 - 傍晚在天府广场散步，看音乐喷泉（19:30开始），晚上可在附近商场吃晚餐，人均80元。"", ""notes"": ""博物馆和科技馆都需提前在微信公众号上预约，周一闭馆。科技馆下午人多，建议早点排队。""}, {""day"": 6, ""morning"": ""金沙遗址博物馆 - 乘地铁7号线到金沙博物馆站，门票70元/人，儿童半价。参观太阳神鸟金箔，看考古现场，有儿童考古体验区。"", ""afternoon"": ""杜甫草堂 - 从金沙博物馆打车约20分钟（约25元），门票50元/人。参观诗圣故居，在红墙竹影中漫步，可以教孩子背杜甫诗句。"", ""evening"": ""蜀风雅韵川剧表演 - 在琴台路文化公园内，从杜甫草堂打车约10分钟（约15元），门票150元/人起。看变脸、吐火、皮影戏，孩子会非常兴奋。"", ""notes"": ""金沙遗址博物馆有定时免费讲解，可以蹭听。川剧表演建议提前订票，选前排位置。琴台路夜景很美，可以顺便逛逛。""}, {""day"": 7, ""morning"": ""成都动物园 - 乘地铁3号线到动物园站，门票20元/人。看各种动物，有儿童游乐区，轻松半天。"", ""afternoon"": ""文殊院 - 从动物园乘地铁3号线转1号线约40分钟，免费。逛古寺，在文殊院街吃素斋或买宫廷糕点（如椒盐酥）。"", ""evening"": ""春熙路购物/返程 - 若晚上离开，可在春熙路最后采购特产（如火锅底料、张飞牛肉），或直接去机场/火车站，乘地铁2号线可达。"", ""notes"": ""最后一天不要安排太累的行程，动物园和文殊院都较轻松。文殊院可以求签，但孩子可能没兴趣，可以带他们数罗汉。""}]}"
20,7,美食文化,6000左右,"{""days"": [{""day"": 1, ""morning"": ""成都大熊猫繁育研究基地 - 地铁3号线熊猫大道站转景区直通车（车费约2元地铁+2元直通车），门票55元。7:30开园直奔月亮产房，看幼年熊猫打闹，9:30后熊猫开始睡觉，务必赶早。"", ""afternoon"": ""东郊记忆 - 从熊猫基地乘景区直通车（约8元）或打车约40元，免费入园。工业风旧厂房改造的艺术区，打卡红砖烟囱和涂鸦墙，人少适合拍照，顺路在园区内‘拾光甜品’吃冰粉（约15元）。"", ""evening"": ""建设路小吃街 - 从东郊记忆打车约15元。推荐：傅强排骨（15元）、周签签锅巴土豆（10元）、叶婆婆钵钵鸡（人均40元）。避开6-7点高峰，8点后人少不用排队。"", ""notes"": ""熊猫基地必须早到，7:30开门直接冲观光车（10元）到最里面，倒着往外逛。建设路小吃摊多备零钱，部分老店只收现金。""}, {""day"": 2, ""morning"": ""武侯祠 - 地铁3号线高升桥站D口步行10分钟，门票50元。8点开门就进，先看唐碑和刘备殿，避开旅行团，红墙夹道拍照要趁人少。"", ""afternoon"": ""锦里（紧邻武侯祠） - 武侯祠侧门直通锦里，免费。午餐在锦里吃三大炮（10元）、张飞牛肉面（25元），下午逛戏台和灯笼街，喝盖碗茶看川剧变脸（茶位30元起）。"", ""evening"": ""九眼桥酒吧街 - 从锦里打车约15元。沿府河散步看夜景，选清吧坐坐（人均60元），推荐‘隔壁子’酒吧的驻唱，不强制消费。"", ""notes"": ""武侯祠和锦里连在一起，上午先逛祠再进锦里，下午锦里人最多，别在门口逗留。锦里小吃偏贵，尝鲜即可，正餐去附近‘钦善斋’吃养生汤锅（人均80元）。""}, {""day"": 3, ""morning"": ""都江堰景区 - 地铁2号线犀浦站换乘城际列车（10元，30分钟）到离堆公园站，门票80元。从南桥进，先看宝瓶口和飞沙堰，再走安澜索桥，全程约3小时。"", ""afternoon"": ""青城山（前山） - 都江堰景区门口乘101路公交（2元，40分钟）到青城山站，门票80元。索道往返60元，登老君阁看全景，下山游览天师洞和建福宫，17:00前返回山门。"", ""evening"": ""灌县古城 - 从青城山乘公交回都江堰市区（2元），晚餐吃‘尤兔头’（12元/个）和‘赵卖面’甜水面（10元），逛南桥夜景看岷江蓝眼泪，乘城际列车回成都（10元）。"", ""notes"": ""都江堰和青城山必须一天完成，早起7点出发。青城山选前山道教文化核心，后山太远别去。穿舒适运动鞋，山路湿滑。自带干粮，景区餐饮贵且一般。""}, {""day"": 4, ""morning"": ""金沙遗址博物馆 - 地铁7号线金沙博物馆站C口，门票70元。9点开门直奔遗迹馆看太阳神鸟出土地，再逛陈列馆，镇馆之宝金面具必看，全程约2.5小时。"", ""afternoon"": ""杜甫草堂 - 从金沙打车约15元或公交82路（2元），门票50元。从北门进，沿红墙竹影走到茅屋故居，参观诗史堂，在‘浣花祠’旁茶馆歇脚（茶位20元）。"", ""evening"": ""春熙路/IFS/太古里 - 地铁2号线春熙路站。晚上7点后亮灯最美，IFS顶楼拍熊猫爬墙正面照，太古里看裸眼3D屏，晚餐吃‘马旺子’川菜（人均90元）或‘烤匠’烤鱼（人均80元）。"", ""notes"": ""金沙和草堂都是人文景点，下午草堂人少清净。春熙路商圈大，穿舒适鞋。太古里禁止街头拍照，注意礼貌。晚餐建议7点前取号，热门店排队超1小时。""}, {""day"": 5, ""morning"": ""宽窄巷子 - 地铁4号线宽窄巷子站，免费。9点前人少，逛宽巷子看清代院落，窄巷子买手工艺品，井巷子拍砖墙，别在巷内买小吃（贵且不正宗）。"", ""afternoon"": ""人民公园鹤鸣茶社 - 从宽窄巷子步行10分钟（沿长顺街直走），免费进园。竹椅盖碗茶（18元起），点一份钟水饺（12元）配茶，看掏耳朵（30元）和搓麻将的老人，感受成都慢生活。"", ""evening"": ""西安路美食街 - 从人民公园打车约10元。晚餐吃‘蓉记老妈兔头’（15元/个）、‘王记特色锅魁’（8元），夜宵推荐‘李八哥市井火锅’（人均70元），麻辣过瘾。"", ""notes"": ""宽窄巷子只逛不买，采耳在人民公园体验更地道（记得砍价）。鹤鸣茶社下午人多，2点前到有靠湖位置。西安路比锦里便宜一半，本地人常去。""}, {""day"": 6, ""morning"": ""文殊院 - 地铁1号线文殊院站K口，免费。8点开门，先上香再逛园林，请一串十八籽手串（35元），在‘香园’吃素斋自助（30元），体验禅意早餐。"", ""afternoon"": ""东门市井 - 从文殊院打车约15元或地铁4号线市二医院站转公交，免费。老成都民国风街区，看李劼人故居，体验‘菱窠茶社’盖碗茶，逛市集买豆瓣酱和花椒作伴手礼。"", ""evening"": ""望平街滨河路 - 从东门市井打车约20元。沿府河散步看夜景，打卡网红‘几何书店’（营业到22点），晚餐吃‘香香巷’的‘老字号三无粉蒸’（人均30元）或‘河畔精酿’（人均50元）。"", ""notes"": ""文殊院是佛教圣地，着装得体。东门市井人少清静，适合拍照。望平街晚上文艺氛围浓，但部分小店只收现金，备200元现金。""}, {""day"": 7, ""morning"": ""人民公园（再次）或蜀风园非遗体验 - 地铁2号线人民公园站，免费。晨练时间看成都人跳舞打太极，体验‘蜀风园’的川剧脸谱绘制（80元，含材料），深入了解非遗文化。"", ""afternoon"": ""玉林路小酒馆 - 地铁8号线芳草街站，免费。打卡赵雷《成都》中的小酒馆门口拍照，逛玉林综合市场买‘王妈手撕烤兔’（55元/只）真空包装带走，在‘老黄记手撕烤兔’吃午餐（人均40元）。"", ""evening"": ""返程前采购 - 去‘红旗超市’或‘伊藤洋华堂’买特产，推荐：灯影牛肉丝、郫县豆瓣酱、张飞牛肉、青城山老腊肉。如果航班晚，去双流机场旁的‘老妈兔头’总店吃最后一顿（人均50元）。"", ""notes"": ""最后一天留弹性时间，不要安排太满。玉林路小酒馆白天只是普通酒吧，晚上才营业。机场托运注意：兔头、腊肉等需真空包装，液体调料必须托运。""}]}"
